team,player_name,player_id,position,name_key,unnamed:_0,year,player,height,weight,position_bsp,bsparq,nba_pct,bsparq_imputed,bsparq_source
Toronto Raptors,A.J. Lawson,1630639,G,a j lawson,,,,,,,,,80.625,imputed
Denver Nuggets,Aaron Gordon,203932,F,aaron gordon,602,2014,Aaron Gordon,6' 7.5'',220.1,BIG,93.69,70.60%,93.69,measured
Houston Rockets,Aaron Holiday,1628988,G,aaron holiday,407,2018,Aaron Holiday,5' 11.75'',187,PG,69.67,13.30%,69.67,measured
Indiana Pacers,Aaron Nesmith,1630174,G-F,aaron nesmith,,,,,,,,,84.81,imputed
Oklahoma City Thunder,Aaron Wiggins,1630598,G,aaron wiggins,259,2021,Aaron Wiggins,6'4.5'',190,WING,77.94,22.20%,77.94,measured
Oklahoma City Thunder,Adam Flagler,1641745,G,adam flagler,151,2023,Adam Flagler,6' 1.00'',191.8,PG,81.44,77.50%,81.44,measured
Philadelphia 76ers,Adem Bona,1641737,F,adem bona,74,2024,Adem Bona,6' 8.25'',243.2,BIG,107.43,99.00%,107.43,measured
Milwaukee Bucks,AJ Green,1631260,G,aj green,,,,,,,,,80.625,imputed
Washington Wizards,AJ Johnson,1642358,G,aj johnson,75,2024,AJ Johnson,6' 4.25'',167,WING,70.22,3.70%,70.22,measured
Oklahoma City Thunder,Ajay Mitchell,1642349,G,ajay mitchell,76,2024,Ajay Mitchell,6' 3.25'',197,PG,77.21,53.40%,77.21,measured
Boston Celtics,Al Horford,201143,C-F,al horford,964,2007,Al Horford,6' 8'',246,BIG,98.6,88.10%,98.6,measured
Miami Heat,Alec Burks,202692,G,alec burks,755,2011,Alec Burks,6' 5'',192.6,WING,77.76,21.50%,77.76,measured
Oklahoma City Thunder,Alex Caruso,1627936,G,alex caruso,,,,,,,,,80.625,imputed
Oklahoma City Thunder,Alex Ducas,1642505,G,alex ducas,,,,,,,,,80.625,imputed
Los Angeles Lakers,Alex Len,203458,C,alex len,,,,,,,,,93.27,imputed
Philadelphia 76ers,Alex Reese,1642024,F-C,alex reese,,,,,,,,,95.17,imputed
Washington Wizards,Alex Sarr,1642259,C,alex sarr,,,,,,,,,93.27,imputed
Houston Rockets,Alperen Sengun,1630578,C,alperen sengun,,,,,,,,,93.27,imputed
Houston Rockets,Amen Thompson,1641708,G-F,amen thompson,,,,,,,,,84.81,imputed
Los Angeles Clippers,Amir Coffey,1629599,G-F,amir coffey,,,,,,,,,84.81,imputed
Philadelphia 76ers,Andre Drummond,203083,C,andre drummond,701,2012,Andre Drummond,6' 9.75'',278.6,BIG,110.34,99.70%,110.34,measured
Milwaukee Bucks,Andre Jackson Jr.,1641748,G,andre jackson jr,154,2023,Andre Jackson Jr.,6' 5.50'',198.4,WING,82.51,43.70%,82.51,measured
Indiana Pacers,Andrew Nembhard,1629614,G-F,andrew nembhard,210,2022,Andrew Nembhard,6' 3.00'',195.6,PG,73.89,32.90%,73.89,measured
Miami Heat,Andrew Wiggins,203952,F,andrew wiggins,,,,,,,,,85.83,imputed
Portland Trail Blazers,Anfernee Simons,1629014,G,anfernee simons,410,2018,Anfernee Simons,6' 2.25'',183.2,COMBO G,80.5,53.70%,80.5,measured
Orlando Magic,Anthony Black,1641710,G,anthony black,155,2023,Anthony Black,6' 5.75'',210,PG,89.32,97.70%,89.32,measured
Dallas Mavericks,Anthony Davis,203076,F-C,anthony davis,,,,,,,,,95.17,imputed
Minnesota Timberwolves,Anthony Edwards,1630162,G,anthony edwards,,,,,,,,,80.625,imputed
Washington Wizards,Anthony Gill,1630264,F,anthony gill,,,,,,,,,85.83,imputed
New York Knicks,Anton Watson,1641817,F,anton watson,,,,,,,,,85.83,imputed
New Orleans Pelicans,Antonio Reeves,1641810,G,antonio reeves,79,2024,Antonio Reeves,6' 4.50'',186.6,WING,75.99,15.30%,75.99,measured
New York Knicks,Ariel Hukporti,1630574,C,ariel hukporti,261,2021,Ariel Hukporti,6'10.75'',246,BIG,82.63,18.50%,82.63,measured
Detroit Pistons,Ausar Thompson,1641709,G-F,ausar thompson,,,,,,,,,84.81,imputed
Los Angeles Lakers,Austin Reaves,1630559,G,austin reaves,262,2021,Austin Reaves,6'4.5'',197.2,WING,71.35,5.00%,71.35,measured
Chicago Bulls,Ayo Dosunmu,1630245,G,ayo dosunmu,263,2021,Ayo Dosunmu,6'3.5'',194.4,WING,74.42,10.90%,74.42,measured
Miami Heat,Bam Adebayo,1628389,C-F,bam adebayo,,,,,,,,,89.695,imputed
Boston Celtics,Baylor Scheierman,1631248,G,baylor scheierman,80,2024,Baylor Scheierman,6' 6.25'',201.6,WING,77.36,20.00%,77.36,measured
Indiana Pacers,Ben Sheppard,1641767,G,ben sheppard,158,2023,Ben Sheppard,6' 5.25'',194.6,WING,79.32,28.00%,79.32,measured
Los Angeles Clippers,Ben Simmons,1627732,G-F,ben simmons,,,,,,,,,84.81,imputed
Indiana Pacers,Bennedict Mathurin,1631097,G-F,bennedict mathurin,,,,,,,,,84.81,imputed
Washington Wizards,Bilal Coulibaly,1641731,G,bilal coulibaly,,,,,,,,,80.625,imputed
San Antonio Spurs,Bismack Biyombo,202687,C,bismack biyombo,,,,,,,,,93.27,imputed
San Antonio Spurs,Blake Wesley,1631104,G,blake wesley,211,2022,Blake Wesley,6' 3.00'',187.2,WING,78.11,22.90%,78.11,measured
Milwaukee Bucks,Bobby Portis,1626171,F,bobby portis,561,2015,Bobby Portis,6' 9.5'',246.2,BIG,83.85,23.10%,83.85,measured
Detroit Pistons,Bobi Klintman,1641752,F,bobi klintman,81,2024,Bobi Klintman,6' 8.75'',212.2,BIG,78.25,7.20%,78.25,measured
Los Angeles Clippers,Bogdan Bogdanović,203992,G,bogdan bogdanovic,,,,,,,,,80.625,imputed
Phoenix Suns,Bol Bol,1629626,C-F,bol bol,,,,,,,,,89.695,imputed
Minnesota Timberwolves,Bones Hyland,1630538,G,bones hyland,,,,,,,,,80.625,imputed
Phoenix Suns,Bradley Beal,203078,G,bradley beal,706,2012,Bradley Beal,6' 3.25'',201.8,WING,88.65,74.50%,88.65,measured
Oklahoma City Thunder,Branden Carlson,1642382,C,branden carlson,,,,,,,,,93.27,imputed
Golden State Warriors,Brandin Podziemski,1641764,G,brandin podziemski,159,2023,Brandin Podziemski,6' 3.75'',203.8,WING,86.22,63.10%,86.22,measured
New Orleans Pelicans,Brandon Boston,1630527,G,brandon boston,,,,,,,,,80.625,imputed
Memphis Grizzlies,Brandon Clarke,1629634,F,brandon clarke,350,2019,Brandon Clarke,6' 7.25'',207.2,WING,92.48,87.80%,92.48,measured
Toronto Raptors,Brandon Ingram,1627742,F,brandon ingram,,,,,,,,,85.83,imputed
Charlotte Hornets,Brandon Miller,1641706,F,brandon miller,,,,,,,,,85.83,imputed
Dallas Mavericks,Brandon Williams,1630314,G,brandon williams,,,,,,,,,80.625,imputed
Golden State Warriors,Braxton Key,1630296,F,braxton key,,,,,,,,,85.83,imputed
Utah Jazz,Brice Sensabaugh,1641729,F,brice sensabaugh,,,,,,,,,85.83,imputed
Los Angeles Lakers,Bronny James,1642355,G,bronny james,83,2024,Bronny James,6' 1.50'',210.4,WING,89.5,77.90%,89.5,measured
Milwaukee Bucks,Brook Lopez,201572,C,brook lopez,897,2008,Brook Lopez,6' 11.25'',258,BIG,93.36,69.20%,93.36,measured
New Orleans Pelicans,Bruce Brown,1628971,G-F,bruce brown,415,2018,Bruce Brown,6' 3.5'',194.6,COMBO G,85.2,75.70%,85.2,measured
Portland Trail Blazers,Bryce McGowens,1631121,G,bryce mcgowens,212,2022,Bryce McGowens,6' 5.25'',181.2,WING,75.29,13.20%,75.29,measured
Washington Wizards,Bub Carrington,1642267,G,bub carrington,,,,,,,,,80.625,imputed
Golden State Warriors,Buddy Hield,1627741,G,buddy hield,,,,,,,,,80.625,imputed
Detroit Pistons,Cade Cunningham,1630595,G,cade cunningham,,,,,,,,,80.625,imputed
Orlando Magic,Caleb Houstan,1631216,G,caleb houstan,,,,,,,,,80.625,imputed
Dallas Mavericks,Caleb Martin,1628997,F,caleb martin,417,2018,Caleb Martin,6' 4.75'',195.8,WING,78.73,25.50%,78.73,measured
Los Angeles Clippers,Cam Christie,1642353,G,cam christie,84,2024,Cam Christie,6' 4.50'',190.4,WING,83.77,50.40%,83.77,measured
Memphis Grizzlies,Cam Spencer,1642285,G,cam spencer,85,2024,Cam Spencer,6' 3.00'',201.8,WING,68.48,2.20%,68.48,measured
Brooklyn Nets,Cam Thomas,1630560,G,cam thomas,,,,,,,,,80.625,imputed
Houston Rockets,Cam Whitmore,1641715,F,cam whitmore,160,2023,Cam Whitmore,6' 5.75'',235,WING,96.44,95.50%,96.44,measured
Brooklyn Nets,Cameron Johnson,1629661,F,cameron johnson,353,2019,Cameron Johnson,6' 7'',205.2,WING,84.54,54.40%,84.54,measured
New York Knicks,Cameron Payne,1626166,G,cameron payne,564,2015,Cameron Payne,6' 0.75'',182.8,PG,76.32,47.70%,76.32,measured
Atlanta Hawks,Caris LeVert,1627747,G,caris levert,,,,,,,,,80.625,imputed
Oklahoma City Thunder,Cason Wallace,1641717,G,cason wallace,161,2023,Cason Wallace,6' 2.50'',195.2,PG,76.66,49.90%,76.66,measured
San Antonio Spurs,Charles Bassey,1629646,C-F,charles bassey,265,2021,Charles Bassey,6'9.25'',230.2,BIG,98.11,86.80%,98.11,measured
Oklahoma City Thunder,Chet Holmgren,1631096,C-F,chet holmgren,,,,,,,,,89.695,imputed
Toronto Raptors,Chris Boucher,1628449,F,chris boucher,,,,,,,,,85.83,imputed
Milwaukee Bucks,Chris Livingston,1641753,F,chris livingston,162,2023,Chris Livingston,6' 6.00'',219.2,WING,89.05,76.10%,89.05,measured
San Antonio Spurs,Chris Paul,101108,G,chris paul,1124,2005,Chris Paul,5' 11.75'',178,PG,78.83,63.30%,78.83,measured
Denver Nuggets,Christian Braun,1631128,G,christian braun,213,2022,Christian Braun,6' 5.50'',209.2,WING,92.15,86.90%,92.15,measured
Los Angeles Lakers,Christian Koloko,1631132,C,christian koloko,214,2022,Christian Koloko,6' 10.75'',221,BIG,83.99,23.60%,83.99,measured
Cleveland Cavaliers,Chuma Okeke,1629643,F,chuma okeke,,,,,,,,,85.83,imputed
New Orleans Pelicans,CJ McCollum,203468,G,cj mccollum,658,2013,CJ McCollum,6' 2.25'',197,COMBO G,85.05,75.10%,85.05,measured
Atlanta Hawks,Clint Capela,203991,C,clint capela,,,,,,,,,93.27,imputed
Chicago Bulls,Coby White,1629632,G,coby white,,,,,,,,,80.625,imputed
Phoenix Suns,Cody Martin,1628998,F,cody martin,357,2019,Cody Martin,6' 4.75'',192.2,COMBO G,75.71,30.10%,75.71,measured
Utah Jazz,Cody Williams,1642262,F,cody williams,87,2024,Cody Williams,6' 6.50'',178.4,WING,77.03,18.80%,77.03,measured
Washington Wizards,Colby Jones,1641732,G,colby jones,163,2023,Colby Jones,6' 4.50'',199.2,WING,82.76,45.00%,82.76,measured
Memphis Grizzlies,Cole Anthony,1630175,G,cole anthony,,,,,,,,,80.625,imputed
Toronto Raptors,Colin Castleton,1630658,C,colin castleton,,,,,,,,,93.27,imputed
Phoenix Suns,Collin Gillespie,1631221,G,collin gillespie,215,2022,Collin Gillespie,6' 1.50'',195.8,PG,73.94,33.20%,73.94,measured
Utah Jazz,Collin Sexton,1629012,G,collin sexton,,,,,,,,,80.625,imputed
Washington Wizards,Corey Kispert,1630557,F,corey kispert,266,2021,Corey Kispert,6'6.0'',223.8,WING,89.37,77.40%,89.37,measured
Orlando Magic,Cory Joseph,202709,G,cory joseph,761,2011,Cory Joseph,6' 2'',186.2,PG,73.18,29.00%,73.18,measured
Cleveland Cavaliers,Craig Porter Jr.,1641854,G,craig porter jr,,,,,,,,,80.625,imputed
Atlanta Hawks,Daeqwon Plowden,1631342,G-F,daeqwon plowden,,,,,,,,,84.81,imputed
Portland Trail Blazers,Dalano Banton,1630625,F,dalano banton,,,,,,,,,85.83,imputed
Chicago Bulls,Dalen Terry,1631207,F,dalen terry,,,,,,,,,85.83,imputed
Los Angeles Lakers,Dalton Knecht,1642261,F,dalton knecht,89,2024,Dalton Knecht,6' 5.25'',212.2,WING,87.92,71.20%,87.92,measured
Milwaukee Bucks,Damian Lillard,203081,G,damian lillard,707,2012,Damian Lillard,6' 1.75'',188.8,PG,87.03,95.00%,87.03,measured
Charlotte Hornets,Damion Baugh,1641878,G,damion baugh,,,,,,,,,80.625,imputed
Phoenix Suns,Damion Lee,1627814,G-F,damion lee,,,,,,,,,84.81,imputed
Brooklyn Nets,D'Angelo Russell,1626156,G,d angelo russell,,,,,,,,,80.625,imputed
Dallas Mavericks,Daniel Gafford,1629655,F-C,daniel gafford,358,2019,Daniel Gafford,6' 9.25'',237.6,BIG,99.48,90.30%,99.48,measured
Detroit Pistons,Daniss Jenkins,1642450,G,daniss jenkins,,,,,,,,,80.625,imputed
Dallas Mavericks,Danté Exum,203957,G,dante exum,610,2014,Dante Exum,6' 4.5'',196.3,WING,83.73,50.20%,83.73,measured
Charlotte Hornets,DaQuan Jeffries,1629610,G-F,daquan jeffries,,,,,,,,,84.81,imputed
Denver Nuggets,Dario Šarić,203967,F-C,dario saric,,,,,,,,,95.17,imputed
Brooklyn Nets,Dariq Whitehead,1641727,G-F,dariq whitehead,,,,,,,,,84.81,imputed
Cleveland Cavaliers,Darius Garland,1629636,G,darius garland,,,,,,,,,80.625,imputed
Denver Nuggets,DaRon Holmes II,1641747,F,daron holmes ii,90,2024,DaRon Holmes II,6' 8.75'',236.2,BIG,87.2,38.20%,87.2,measured
San Antonio Spurs,David Duke Jr.,1630561,G,david duke jr,268,2021,David Duke Jr.,6'4.25'',203.6,WING,83.21,47.40%,83.21,measured
Houston Rockets,David Roddy,1631223,F,david roddy,216,2022,David Roddy,6' 4.50'',260.8,BIG,92.98,67.40%,92.98,measured
Miami Heat,Davion Mitchell,1630558,G,davion mitchell,,,,,,,,,80.625,imputed
Brooklyn Nets,Day'Ron Sharpe,1630549,C,day ron sharpe,,,,,,,,,93.27,imputed
San Antonio Spurs,De'Aaron Fox,1628368,G,de aaron fox,,,,,,,,,80.625,imputed
Cleveland Cavaliers,Dean Wade,1629731,F-C,dean wade,,,,,,,,,95.17,imputed
Portland Trail Blazers,Deandre Ayton,1629028,C,deandre ayton,,,,,,,,,93.27,imputed
Cleveland Cavaliers,De'Andre Hunter,1629631,F-G,de andre hunter,,,,,,,,,89.825,imputed
Denver Nuggets,DeAndre Jordan,201599,C,deandre jordan,906,2008,DeAndre Jordan,6' 9.75'',250,BIG,87.35,38.90%,87.35,measured
Brooklyn Nets,De'Anthony Melton,1629001,G,de anthony melton,,,,,,,,,80.625,imputed
New Orleans Pelicans,Dejounte Murray,1627749,G,dejounte murray,,,,,,,,,80.625,imputed
New York Knicks,Delon Wright,1626153,G,delon wright,569,2015,Delon Wright,6' 4.25'',181.4,PG,75.33,41.50%,75.33,measured
Sacramento Kings,DeMar DeRozan,201942,G-F,demar derozan,859,2009,DeMar DeRozan,6' 5.5'',211.2,WING,83.39,48.40%,83.39,measured
Portland Trail Blazers,Deni Avdija,1630166,F,deni avdija,,,,,,,,,85.83,imputed
Detroit Pistons,Dennis Schröder,203471,G,dennis schroder,661,2013,Dennis Schroder,6' 1'',164.8,PG,71.18,19.20%,71.18,measured
Dallas Mavericks,Dereck Lively II,1641726,C,dereck lively ii,,,,,,,,,93.27,imputed
Los Angeles Clippers,Derrick Jones Jr.,1627884,F,derrick jones jr,,,,,,,,,85.83,imputed
Boston Celtics,Derrick White,1628401,G,derrick white,467,2017,Derrick White,6' 3.25'',189.8,PG,80.75,74.10%,80.75,measured
Orlando Magic,Desmond Bane,1630217,G,desmond bane,,,,,,,,,80.625,imputed
Phoenix Suns,Devin Booker,1626164,G,devin booker,570,2015,Devin Booker,6' 4.5'',205.8,WING,78.69,25.30%,78.69,measured
Sacramento Kings,Devin Carter,1642269,G,devin carter,92,2024,Devin Carter,6' 2.25'',193,WING,89.51,78.00%,89.51,measured
San Antonio Spurs,Devin Vassell,1630170,G-F,devin vassell,,,,,,,,,84.81,imputed
Houston Rockets,Dillon Brooks,1628415,G-F,dillon brooks,469,2017,Dillon Brooks,6' 5'',220.2,WING,90.45,81.50%,90.45,measured
Oklahoma City Thunder,Dillon Jones,1641794,F,dillon jones,93,2024,Dillon Jones,6' 4.50'',236.8,WING,85.03,57.00%,85.03,measured
Sacramento Kings,Domantas Sabonis,1627734,F-C,domantas sabonis,,,,,,,,,95.17,imputed
Atlanta Hawks,Dominick Barlow,1631230,F,dominick barlow,218,2022,Dominick Barlow,6' 8.75'',221,BIG,85.09,28.30%,85.09,measured
Portland Trail Blazers,Donovan Clingan,1642270,C,donovan clingan,94,2024,Donovan Clingan,7' 1.75'',282,BIG,94.5,74.20%,94.5,measured
Cleveland Cavaliers,Donovan Mitchell,1628378,G,donovan mitchell,470,2017,Donovan Mitchell,6' 1.25'',211.4,WING,99.27,98.10%,99.27,measured
Minnesota Timberwolves,Donte DiVincenzo,1628978,G,donte divincenzo,424,2018,Donte DiVincenzo,6' 3.5'',200.6,WING,91.26,84.20%,91.26,measured
Los Angeles Lakers,Dorian Finney-Smith,1627827,F,dorian finney smith,525,2016,Dorian Finney-Smith,6' 6.5'',212.6,WING,91.11,83.70%,91.11,measured
Sacramento Kings,Doug McDermott,203926,F,doug mcdermott,614,2014,Doug McDermott,6' 6.25'',218,WING,84.32,53.30%,84.32,measured
Golden State Warriors,Draymond Green,203110,F,draymond green,711,2012,Draymond Green,6' 5.75'',235.6,COMBO F,88.24,55.10%,88.24,measured
Los Angeles Clippers,Drew Eubanks,1629234,F-C,drew eubanks,,,,,,,,,95.17,imputed
Boston Celtics,Drew Peterson,1641809,F,drew peterson,,,,,,,,,85.83,imputed
Brooklyn Nets,Drew Timme,1631166,F,drew timme,167,2023,Drew Timme,6' 8.75'',243.2,BIG,85.5,30.10%,85.5,measured
Miami Heat,Dru Smith,1630696,G,dru smith,,,,,,,,,80.625,imputed
Miami Heat,Duncan Robinson,1629130,F,duncan robinson,,,,,,,,,85.83,imputed
Portland Trail Blazers,Duop Reath,1641871,C,duop reath,,,,,,,,,93.27,imputed
Dallas Mavericks,Dwight Powell,203939,F-C,dwight powell,615,2014,Dwight Powell,6' 9.5'',234.4,BIG,89.02,47.40%,89.02,measured
Atlanta Hawks,Dyson Daniels,1630700,G,dyson daniels,220,2022,Dyson Daniels,6' 6.00'',195.2,WING,78.51,24.50%,78.51,measured
Chicago Bulls,E.J. Liddell,1630604,F,e j liddell,221,2022,E.J. Liddell,6' 5.50'',243,BIG,108.61,99.30%,108.61,measured
New Orleans Pelicans,Elfrid Payton,203901,G,elfrid payton,616,2014,Elfrid Payton,6' 2.5'',185.4,PG,80.25,71.40%,80.25,measured
Utah Jazz,Elijah Harkless,1641989,G,elijah harkless,,,,,,,,,80.625,imputed
Chicago Bulls,Emanuel Miller,1641801,F,emanuel miller,,,,,,,,,85.83,imputed
Cleveland Cavaliers,Emoni Bates,1641734,F,emoni bates,168,2023,Emoni Bates,6' 8.25'',179.2,WING,70.19,3.60%,70.19,measured
Indiana Pacers,Enrique Freeman,1642402,F,enrique freeman,95,2024,Enrique Freeman,6' 7.25'',212,BIG,86.65,35.50%,86.65,measured
Philadelphia 76ers,Eric Gordon,201569,G,eric gordon,913,2008,Eric Gordon,6' 2'',222,WING,93.27,89.80%,93.27,measured
Orlando Magic,Ethan Thompson,1630679,G,ethan thompson,,,,,,,,,80.625,imputed
Cleveland Cavaliers,Evan Mobley,1630596,C,evan mobley,,,,,,,,,93.27,imputed
Orlando Magic,Franz Wagner,1630532,F,franz wagner,,,,,,,,,85.83,imputed
Houston Rockets,Fred VanVleet,1627832,G,fred vanvleet,,,,,,,,,80.625,imputed
Los Angeles Lakers,Gabe Vincent,1629216,G,gabe vincent,,,,,,,,,80.625,imputed
Toronto Raptors,Garrett Temple,202066,G-F,garrett temple,,,,,,,,,84.81,imputed
Atlanta Hawks,Garrison Mathews,1629726,G,garrison mathews,,,,,,,,,80.625,imputed
Orlando Magic,Gary Harris,203914,G,gary harris,,,,,,,,,80.625,imputed
Golden State Warriors,Gary Payton II,1627780,G,gary payton ii,526,2016,Gary Payton II,6' 2'',183.8,PG,79.81,69.00%,79.81,measured
Milwaukee Bucks,Gary Trent Jr.,1629018,G,gary trent jr,,,,,,,,,80.625,imputed
Atlanta Hawks,Georges Niang,1627777,F,georges niang,527,2016,Georges Niang,6' 6.75'',230.8,BIG,79.9,10.60%,79.9,measured
Memphis Grizzlies,GG Jackson,1641713,F,gg jackson,169,2023,GG Jackson,6' 8.25'',214.4,BIG,88.55,45.00%,88.55,measured
Milwaukee Bucks,Giannis Antetokounmpo,203507,F,giannis antetokounmpo,,,,,,,,,85.83,imputed
Orlando Magic,Goga Bitadze,1629048,C-F,goga bitadze,,,,,,,,,89.695,imputed
Toronto Raptors,Gradey Dick,1641711,G-F,gradey dick,170,2023,Gradey Dick,6' 6.25'',204,WING,81.15,36.70%,81.15,measured
Charlotte Hornets,Grant Williams,1629684,F,grant williams,365,2019,Grant Williams,6' 5.75'',240.2,BIG,84.77,26.90%,84.77,measured
Phoenix Suns,Grayson Allen,1628960,G,grayson allen,427,2018,Grayson Allen,6' 3'',198,WING,86.39,64.00%,86.39,measured
Philadelphia 76ers,Guerschon Yabusele,1627824,F,guerschon yabusele,,,,,,,,,85.83,imputed
Golden State Warriors,Gui Santos,1630611,F,gui santos,,,,,,,,,85.83,imputed
San Antonio Spurs,Harrison Barnes,203084,F,harrison barnes,715,2012,Harrison Barnes,6' 7'',227.8,WING,108.67,100.00%,108.67,measured
San Antonio Spurs,Harrison Ingram,1631127,F,harrison ingram,96,2024,Harrison Ingram,6' 5.25'',233.6,WING,90,79.90%,90,measured
Miami Heat,Haywood Highsmith,1629312,F,haywood highsmith,,,,,,,,,85.83,imputed
New Orleans Pelicans,Herbert Jones,1630529,F,herbert jones,273,2021,Herbert Jones,6'6.0'',206.4,WING,80.92,35.60%,80.92,measured
Denver Nuggets,Hunter Tyson,1641816,F,hunter tyson,,,,,,,,,85.83,imputed
Toronto Raptors,Immanuel Quickley,1630193,G,immanuel quickley,319,2020,Immanuel Quickley,6'2.00'',185.8,WING,76.69,17.60%,76.69,measured
Sacramento Kings,Isaac Jones,1642403,F,isaac jones,98,2024,Isaac Jones,6' 7.75'',235,BIG,90.38,54.50%,90.38,measured
Cleveland Cavaliers,Isaac Okoro,1630171,F-G,isaac okoro,,,,,,,,,89.825,imputed
Utah Jazz,Isaiah Collier,1642268,G,isaiah collier,99,2024,Isaiah Collier,6' 2.50'',204.6,PG,83.41,85.70%,83.41,measured
Sacramento Kings,Isaiah Crawford,1642384,F,isaiah crawford,,,,,,,,,85.83,imputed
Oklahoma City Thunder,Isaiah Hartenstein,1628392,C-F,isaiah hartenstein,,,,,,,,,89.695,imputed
Indiana Pacers,Isaiah Jackson,1630543,F,isaiah jackson,,,,,,,,,85.83,imputed
Oklahoma City Thunder,Isaiah Joe,1630198,G,isaiah joe,,,,,,,,,80.625,imputed
Miami Heat,Isaiah Stevens,1641815,G,isaiah stevens,,,,,,,,,80.625,imputed
Detroit Pistons,Isaiah Stewart,1630191,F-C,isaiah stewart,,,,,,,,,95.17,imputed
Los Angeles Clippers,Ivica Zubac,1627826,C,ivica zubac,,,,,,,,,93.27,imputed
Memphis Grizzlies,Ja Morant,1629630,G,ja morant,,,,,,,,,80.625,imputed
Houston Rockets,Jabari Smith Jr.,1631095,F,jabari smith jr,,,,,,,,,85.83,imputed
Portland Trail Blazers,Jabari Walker,1631133,F,jabari walker,226,2022,Jabari Walker,6' 6.75'',213.8,BIG,85.17,28.60%,85.17,measured
Houston Rockets,Jack McVeigh,1629098,G-F,jack mcveigh,,,,,,,,,84.81,imputed
Golden State Warriors,Jackson Rowe,1642050,F,jackson rowe,,,,,,,,,85.83,imputed
Atlanta Hawks,Jacob Toppin,1631210,F,jacob toppin,,,,,,,,,85.83,imputed
Dallas Mavericks,Jaden Hardy,1630702,G,jaden hardy,,,,,,,,,80.625,imputed
Detroit Pistons,Jaden Ivey,1631093,G,jaden ivey,,,,,,,,,80.625,imputed
Minnesota Timberwolves,Jaden McDaniels,1630183,F,jaden mcdaniels,,,,,,,,,85.83,imputed
Utah Jazz,Jaden Springer,1630531,G,jaden springer,276,2021,Jaden Springer,6'3.0'',202,WING,91.75,85.70%,91.75,measured
Sacramento Kings,Jae Crowder,203109,F,jae crowder,719,2012,Jae Crowder,6' 4.75'',241.2,WING,97.1,96.20%,97.1,measured
Houston Rockets,Jae'Sean Tate,1630256,F,jae sean tate,,,,,,,,,85.83,imputed
Chicago Bulls,Jahmir Young,1642443,G,jahmir young,,,,,,,,,80.625,imputed
Miami Heat,Jaime Jaquez Jr.,1631170,G,jaime jaquez jr,173,2023,Jaime Jaquez Jr.,6' 6.00'',226.4,WING,100.28,98.60%,100.28,measured
Sacramento Kings,Jake LaRavia,1631222,F,jake laravia,227,2022,Jake LaRavia,6' 6.75'',227.2,BIG,84.71,26.60%,84.71,measured
Toronto Raptors,Jakob Poeltl,1627751,C,jakob poeltl,,,,,,,,,93.27,imputed
Toronto Raptors,Ja'Kobe Walter,1642266,G,ja kobe walter,101,2024,Ja'Kobe Walter,6' 4.25'',197.6,WING,82.23,42.20%,82.23,measured
Phoenix Suns,Jalen Bridges,1641779,F,jalen bridges,102,2024,Jalen Bridges,6' 6.75'',213.4,WING,75.49,13.80%,75.49,measured
New York Knicks,Jalen Brunson,1628973,G,jalen brunson,430,2018,Jalen Brunson,6' 1'',198.4,PG,79.59,67.70%,79.59,measured
Detroit Pistons,Jalen Duren,1631105,C,jalen duren,,,,,,,,,93.27,imputed
Houston Rockets,Jalen Green,1630224,G,jalen green,,,,,,,,,80.625,imputed
Philadelphia 76ers,Jalen Hood-Schifino,1641720,G,jalen hood schifino,,,,,,,,,80.625,imputed
Atlanta Hawks,Jalen Johnson,1630552,F,jalen johnson,,,,,,,,,85.83,imputed
Denver Nuggets,Jalen Pickett,1629618,G,jalen pickett,174,2023,Jalen Pickett,6' 2.00'',197.8,PG,78.36,60.50%,78.36,measured
Chicago Bulls,Jalen Smith,1630188,F-C,jalen smith,,,,,,,,,95.17,imputed
Orlando Magic,Jalen Suggs,1630591,G,jalen suggs,,,,,,,,,80.625,imputed
Oklahoma City Thunder,Jalen Williams,1631114,G-F,jalen williams,228,2022,Jalen Williams,6' 4.50'',209.2,WING,92.12,86.80%,92.12,measured
Brooklyn Nets,Jalen Wilson,1630592,F,jalen wilson,176,2023,Jalen Wilson,6' 5.50'',230.2,WING,94.72,92.80%,94.72,measured
New Orleans Pelicans,Jamal Cain,1631288,F,jamal cain,,,,,,,,,85.83,imputed
Denver Nuggets,Jamal Murray,1627750,G,jamal murray,,,,,,,,,80.625,imputed
Toronto Raptors,Jamal Shead,1642347,G,jamal shead,103,2024,Jamal Shead,6' 0.25'',200.8,PG,82.34,81.50%,82.34,measured
Milwaukee Bucks,Jamaree Bouyea,1631123,G,jamaree bouyea,,,,,,,,,80.625,imputed
Los Angeles Clippers,James Harden,201935,G,james harden,866,2009,James Harden,6' 4'',222,WING,92.14,86.90%,92.14,measured
Indiana Pacers,James Johnson,201949,F,james johnson,867,2009,James Johnson,6' 7'',257.2,COMBO F,100.89,96.90%,100.89,measured
Toronto Raptors,Jamison Battle,1642419,F,jamison battle,,,,,,,,,85.83,imputed
Indiana Pacers,Jarace Walker,1641716,F,jarace walker,177,2023,Jarace Walker,6' 6.50'',248.6,BIG,108.14,99.20%,108.14,measured
Philadelphia 76ers,Jared Butler,1630215,G,jared butler,,,,,,,,,80.625,imputed
Philadelphia 76ers,Jared McCain,1642272,G,jared mccain,105,2024,Jared McCain,6' 2.00'',203.2,WING,73.93,9.70%,73.93,measured
Toronto Raptors,Jared Rhoden,1631197,G,jared rhoden,,,,,,,,,80.625,imputed
Memphis Grizzlies,Jaren Jackson Jr.,1628991,F-C,jaren jackson jr,,,,,,,,,95.17,imputed
Los Angeles Lakers,Jarred Vanderbilt,1629020,F,jarred vanderbilt,,,,,,,,,85.83,imputed
Cleveland Cavaliers,Jarrett Allen,1628386,C,jarrett allen,483,2017,Jarrett Allen,6' 9'',233.6,BIG,95.76,79.20%,95.76,measured
Cleveland Cavaliers,Javonte Green,1629750,G,javonte green,,,,,,,,,80.625,imputed
Los Angeles Lakers,Jaxson Hayes,1629637,C-F,jaxson hayes,372,2019,Jaxson Hayes,6' 10.25'',218.6,BIG,81.12,13.80%,81.12,measured
Memphis Grizzlies,Jay Huff,1630643,C,jay huff,,,,,,,,,93.27,imputed
Boston Celtics,Jaylen Brown,1627759,G-F,jaylen brown,,,,,,,,,84.81,imputed
Minnesota Timberwolves,Jaylen Clark,1641740,G,jaylen clark,,,,,,,,,80.625,imputed
Washington Wizards,Jaylen Martin,1641798,G,jaylen martin,,,,,,,,,80.625,imputed
Memphis Grizzlies,Jaylen Wells,1642377,F,jaylen wells,107,2024,Jaylen Wells,6' 6.50'',206.2,WING,78.78,25.70%,78.78,measured
Oklahoma City Thunder,Jaylin Williams,1631119,F,jaylin williams,229,2022,Jaylin Williams,6' 8.75'',236.6,BIG,80.25,11.40%,80.25,measured
Cleveland Cavaliers,Jaylon Tyson,1642281,G-F,jaylon tyson,108,2024,Jaylon Tyson,6' 5.50'',218.2,WING,86.53,64.60%,86.53,measured
Boston Celtics,Jayson Tatum,1628369,F-G,jayson tatum,,,,,,,,,89.825,imputed
Boston Celtics,JD Davison,1631120,G,jd davison,230,2022,JD Davison,6' 0.50'',191.8,PG,79.58,67.70%,79.58,measured
Philadelphia 76ers,Jeff Dowtin Jr.,1630288,G,jeff dowtin jr,,,,,,,,,80.625,imputed
Houston Rockets,Jeff Green,201145,F,jeff green,1001,2007,Jeff Green,6' 7'',228,WING,98.54,97.60%,98.54,measured
Portland Trail Blazers,Jerami Grant,203924,F,jerami grant,,,,,,,,,85.83,imputed
New Orleans Pelicans,Jeremiah Robinson-Earl,1630526,F,jeremiah robinson earl,278,2021,Jeremiah Robinson-Earl,6'7.75'',242.4,BIG,87.74,40.90%,87.74,measured
San Antonio Spurs,Jeremy Sochan,1631110,F,jeremy sochan,,,,,,,,,85.83,imputed
Milwaukee Bucks,Jericho Sims,1630579,C,jericho sims,279,2021,Jericho Sims,6'9.0'',250.2,BIG,114.99,100.00%,114.99,measured
Minnesota Timberwolves,Jesse Edwards,1642399,C,jesse edwards,109,2024,Jesse Edwards,6' 11.50'',236,BIG,94.12,72.50%,94.12,measured
Orlando Magic,Jett Howard,1641724,G,jett howard,,,,,,,,,80.625,imputed
Chicago Bulls,Jevon Carter,1628975,G,jevon carter,433,2018,Jevon Carter,6' 0.25'',196.2,PG,78.92,63.90%,78.92,measured
Golden State Warriors,Jimmy Butler III,202710,F,jimmy butler iii,,,,,,,,,85.83,imputed
Houston Rockets,Jock Landale,1629111,C,jock landale,,,,,,,,,93.27,imputed
Minnesota Timberwolves,Joe Ingles,204060,F-G,joe ingles,874,2009,Joe Ingles,6' 7.75'',209.2,WING,76.36,16.50%,76.36,measured
Philadelphia 76ers,Joel Embiid,203954,C-F,joel embiid,,,,,,,,,89.695,imputed
Utah Jazz,John Collins,1628381,F-C,john collins,485,2017,John Collins,6' 8.25'',225.2,BIG,96.47,81.70%,96.47,measured
Memphis Grizzlies,John Konchar,1629723,G,john konchar,,,,,,,,,80.625,imputed
Indiana Pacers,Johnny Furphy,1642277,G,johnny furphy,110,2024,Johnny Furphy,6' 7.50'',188.8,WING,70.04,3.50%,70.04,measured
Utah Jazz,Johnny Juzang,1630548,G,johnny juzang,233,2022,Johnny Juzang,6' 5.25'',208.6,WING,79.35,28.20%,79.35,measured
Sacramento Kings,Jonas Valančiūnas,202685,C,jonas valanciunas,,,,,,,,,93.27,imputed
Orlando Magic,Jonathan Isaac,1628371,F,jonathan isaac,,,,,,,,,85.83,imputed
Golden State Warriors,Jonathan Kuminga,1630228,F,jonathan kuminga,,,,,,,,,85.83,imputed
Toronto Raptors,Jonathan Mogbo,1642367,F,jonathan mogbo,111,2024,Jonathan Mogbo,6' 6.25'',217.2,BIG,90.6,55.60%,90.6,measured
Utah Jazz,Jordan Clarkson,203903,G,jordan clarkson,625,2014,Jordan Clarkson,6' 3.25'',186.3,PG,83.35,85.50%,83.35,measured
Los Angeles Lakers,Jordan Goodwin,1630692,G,jordan goodwin,,,,,,,,,80.625,imputed
New Orleans Pelicans,Jordan Hawkins,1641722,G,jordan hawkins,,,,,,,,,80.625,imputed
San Antonio Spurs,Jordan McLaughlin,1629162,G,jordan mclaughlin,,,,,,,,,80.625,imputed
Los Angeles Clippers,Jordan Miller,1641757,G,jordan miller,178,2023,Jordan Miller,6' 4.50'',191.6,WING,83.17,47.20%,83.17,measured
Washington Wizards,Jordan Poole,1629673,G,jordan poole,376,2019,Jordan Poole,6' 3.5'',190.8,WING,75.34,13.30%,75.34,measured
Boston Celtics,Jordan Walsh,1641775,G,jordan walsh,179,2023,Jordan Walsh,6' 5.75'',204,WING,89.27,77.00%,89.27,measured
New Orleans Pelicans,Jose Alvarado,1630631,G,jose alvarado,,,,,,,,,80.625,imputed
Miami Heat,Josh Christopher,1630528,G,josh christopher,283,2021,Josh Christopher,6'3.25'',214.8,WING,85.56,59.80%,85.56,measured
Chicago Bulls,Josh Giddey,1630581,G,josh giddey,,,,,,,,,80.625,imputed
Charlotte Hornets,Josh Green,1630182,G,josh green,322,2020,Josh Green,6'4.50'',214,WING,87.44,69.00%,87.44,measured
New York Knicks,Josh Hart,1628404,G,josh hart,487,2017,Josh Hart,6' 3.75'',209.2,WING,79.66,29.60%,79.66,measured
Minnesota Timberwolves,Josh Minott,1631169,F,josh minott,,,,,,,,,85.83,imputed
Charlotte Hornets,Josh Okogie,1629006,G,josh okogie,435,2018,Josh Okogie,6' 3'',210.8,WING,91.74,85.70%,91.74,measured
Boston Celtics,Jrue Holiday,201950,G,jrue holiday,878,2009,Jrue Holiday,6' 3.25'',199,COMBO G,78.76,44.80%,78.76,measured
Washington Wizards,JT Thor,1630550,F,jt thor,285,2021,JT Thor,6'8.5'',203,BIG,85.83,31.60%,85.83,measured
San Antonio Spurs,Julian Champagnie,1630577,F,julian champagnie,234,2022,Julian Champagnie,6' 6.25'',212.4,WING,82.7,44.70%,82.7,measured
Chicago Bulls,Julian Phillips,1641763,F,julian phillips,181,2023,Julian Phillips,6' 6.75'',196.6,WING,92.66,88.30%,92.66,measured
Denver Nuggets,Julian Strawther,1631124,G,julian strawther,182,2023,Julian Strawther,6' 6.00'',208.8,WING,79.48,28.80%,79.48,measured
Minnesota Timberwolves,Julius Randle,203944,F-C,julius randle,627,2014,Julius Randle,6' 7.75'',249.7,BIG,94.81,75.50%,94.81,measured
Washington Wizards,Justin Champagnie,1630551,G-F,justin champagnie,287,2021,Justin Champagnie,6'5.75'',206.4,BIG,77.79,6.40%,77.79,measured
Philadelphia 76ers,Justin Edwards,1642348,F,justin edwards,114,2024,Justin Edwards,6' 6.00'',209.4,WING,80.62,34.10%,80.62,measured
Portland Trail Blazers,Justin Minaya,1631303,F,justin minaya,,,,,,,,,85.83,imputed
Charlotte Hornets,Jusuf Nurkić,203994,C,jusuf nurkic,,,,,,,,,93.27,imputed
Dallas Mavericks,Kai Jones,1630539,C-F,kai jones,,,,,,,,,89.695,imputed
New York Knicks,Karl-Anthony Towns,1626157,C-F,karl anthony towns,,,,,,,,,89.695,imputed
New Orleans Pelicans,Karlo Matković,1631255,F-C,karlo matkovic,,,,,,,,,95.17,imputed
Los Angeles Clippers,Kawhi Leonard,202695,F,kawhi leonard,783,2011,Kawhi Leonard,6' 6'',227.4,WING,80.17,32.00%,80.17,measured
Atlanta Hawks,Keaton Wallace,1630811,G,keaton wallace,,,,,,,,,80.625,imputed
Sacramento Kings,Keegan Murray,1631099,F,keegan murray,,,,,,,,,85.83,imputed
New Orleans Pelicans,Keion Brooks Jr.,1631232,F,keion brooks jr,,,,,,,,,85.83,imputed
San Antonio Spurs,Keldon Johnson,1629640,F-G,keldon johnson,,,,,,,,,89.825,imputed
Miami Heat,Kel'el Ware,1642276,C,kel el ware,115,2024,Kel'el Ware,6' 11.75'',230,BIG,96.9,83.20%,96.9,measured
New Orleans Pelicans,Kelly Olynyk,203482,F-C,kelly olynyk,672,2013,Kelly Olynyk,6' 10.75'',234,BIG,79.57,9.80%,79.57,measured
Philadelphia 76ers,Kelly Oubre Jr.,1626162,F-G,kelly oubre jr,,,,,,,,,89.825,imputed
Oklahoma City Thunder,Kenrich Williams,1629026,G-F,kenrich williams,437,2018,Kenrich Williams,6' 6'',200.4,WING,78.14,23.00%,78.14,measured
Memphis Grizzlies,Kentavious Caldwell-Pope,203484,G,kentavious caldwell pope,674,2013,Kentavious Caldwell-Pope,6' 4.5'',203.6,WING,81.1,36.50%,81.1,measured
Sacramento Kings,Keon Ellis,1631165,G,keon ellis,238,2022,Keon Ellis,6' 3.50'',167.4,WING,68.69,2.30%,68.69,measured
Brooklyn Nets,Keon Johnson,1630553,G,keon johnson,288,2021,Keon Johnson,6'3.5'',184.8,WING,98.48,97.50%,98.48,measured
Miami Heat,Keshad Johnson,1642352,F,keshad johnson,116,2024,Keshad Johnson,6' 6.25'',224,BIG,92.79,66.50%,92.79,measured
Dallas Mavericks,Kessler Edwards,1630556,F,kessler edwards,289,2021,Kessler Edwards,6'7.0'',203,BIG,78.89,8.40%,78.89,measured
Phoenix Suns,Kevin Durant,201142,F,kevin durant,1008,2007,Kevin Durant,6' 9'',215,COMBO F,77.99,10.00%,77.99,measured
Chicago Bulls,Kevin Huerter,1628989,G-F,kevin huerter,439,2018,Kevin Huerter,6' 6.25'',194,WING,82.02,41.20%,82.02,measured
Golden State Warriors,Kevin Knox II,1628995,F,kevin knox ii,,,,,,,,,85.83,imputed
Miami Heat,Kevin Love,201567,F-C,kevin love,930,2008,Kevin Love,6' 7.75'',255,BIG,97.69,85.60%,97.69,measured
New York Knicks,Kevin McCullar Jr.,1641755,G,kevin mccullar jr,,,,,,,,,80.625,imputed
Milwaukee Bucks,Kevin Porter Jr.,1629645,G-F,kevin porter jr,377,2019,Kevin Porter Jr.,6' 4'',212.6,WING,79.55,29.10%,79.55,measured
Golden State Warriors,Kevon Looney,1626172,F,kevon looney,,,,,,,,,85.83,imputed
Utah Jazz,Keyonte George,1641718,G,keyonte george,,,,,,,,,80.625,imputed
Washington Wizards,Khris Middleton,203114,F,khris middleton,729,2012,Khris Middleton,6' 6.75'',216.2,WING,82.6,44.20%,82.6,measured
Utah Jazz,KJ Martin,1630231,F,kj martin,,,,,,,,,85.83,imputed
Charlotte Hornets,KJ Simpson,1642354,G,kj simpson,117,2024,KJ Simpson,6' 0.25'',187,PG,82.75,83.20%,82.75,measured
Dallas Mavericks,Klay Thompson,202691,G,klay thompson,787,2011,Klay Thompson,6' 5.75'',205.6,WING,76.5,16.90%,76.5,measured
Los Angeles Clippers,Kobe Brown,1641738,F,kobe brown,183,2023,Kobe Brown,6' 6.50'',252.2,BIG,94.3,73.30%,94.3,measured
Atlanta Hawks,Kobe Bufkin,1641723,G,kobe bufkin,184,2023,Kobe Bufkin,6' 4.25'',186.8,WING,76.07,15.60%,76.07,measured
Los Angeles Clippers,Kris Dunn,1627739,G,kris dunn,,,,,,,,,80.625,imputed
Portland Trail Blazers,Kris Murray,1631200,F,kris murray,185,2023,Kris Murray,6' 7.75'',212.8,BIG,84.85,27.20%,84.85,measured
Boston Celtics,Kristaps Porziņģis,204001,F-C,kristaps porzingis,,,,,,,,,95.17,imputed
Miami Heat,Kyle Anderson,203937,F-G,kyle anderson,,,,,,,,,89.825,imputed
Utah Jazz,Kyle Filipowski,1642271,C,kyle filipowski,118,2024,Kyle Filipowski,6' 10.75'',229.8,BIG,84.22,24.60%,84.22,measured
Milwaukee Bucks,Kyle Kuzma,1628398,F,kyle kuzma,494,2017,Kyle Kuzma,6' 8'',222.6,WING,82.29,42.50%,82.29,measured
Philadelphia 76ers,Kyle Lowry,200768,G,kyle lowry,,,,,,,,,80.625,imputed
Dallas Mavericks,Kyrie Irving,202681,G,kyrie irving,,,,,,,,,80.625,imputed
Washington Wizards,Kyshawn George,1642273,F,kyshawn george,119,2024,Kyshawn George,6' 7.00'',208.8,WING,78.42,24.20%,78.42,measured
Memphis Grizzlies,Lamar Stevens,1630205,F,lamar stevens,329,2020,Lamar Stevens,6'5.75'',228,COMBO F,102.01,97.80%,102.01,measured
Charlotte Hornets,LaMelo Ball,1630163,G,lamelo ball,,,,,,,,,80.625,imputed
New York Knicks,Landry Shamet,1629013,G,landry shamet,443,2018,Landry Shamet,6' 4'',188.6,PG,80.41,72.30%,80.41,measured
Atlanta Hawks,Larry Nance Jr.,1626204,F-C,larry nance jr,,,,,,,,,95.17,imputed
Utah Jazz,Lauri Markkanen,1628374,F-C,lauri markkanen,,,,,,,,,95.17,imputed
Los Angeles Lakers,LeBron James,2544,F,lebron james,,,,,,,,,85.83,imputed
Minnesota Timberwolves,Leonard Miller,1631159,F,leonard miller,186,2023,Leonard Miller,6' 9.25'',212.8,BIG,90.1,53.10%,90.1,measured
New Orleans Pelicans,Lester Quinones,1631311,G,lester quinones,,,,,,,,,80.625,imputed
Detroit Pistons,Lindy Waters III,1630322,F,lindy waters iii,,,,,,,,,85.83,imputed
Philadelphia 76ers,Lonnie Walker IV,1629022,G-F,lonnie walker iv,,,,,,,,,84.81,imputed
Chicago Bulls,Lonzo Ball,1628366,G,lonzo ball,,,,,,,,,80.625,imputed
Oklahoma City Thunder,Luguentz Dort,1629652,G,luguentz dort,383,2019,Luguentz Dort,6' 2.75'',222.2,PG,94.43,99.80%,94.43,measured
Los Angeles Lakers,Luka Dončić,1629029,F-G,luka doncic,,,,,,,,,89.825,imputed
Minnesota Timberwolves,Luka Garza,1630568,C,luka garza,290,2021,Luka Garza,6'10.0'',242.8,BIG,80.55,12.20%,80.55,measured
Memphis Grizzlies,Luke Kennard,1628379,G,luke kennard,,,,,,,,,80.625,imputed
Boston Celtics,Luke Kornet,1628436,C-F,luke kornet,,,,,,,,,89.695,imputed
Cleveland Cavaliers,Luke Travers,1631247,F,luke travers,,,,,,,,,85.83,imputed
Orlando Magic,Mac McClung,1630644,G,mac mcclung,,,,,,,,,80.625,imputed
San Antonio Spurs,Malaki Branham,1631103,F,malaki branham,241,2022,Malaki Branham,6' 4.00'',194.8,WING,78.43,24.20%,78.43,measured
Washington Wizards,Malcolm Brogdon,1627763,G,malcolm brogdon,539,2016,Malcolm Brogdon,6' 3.75'',223,WING,90.13,80.30%,90.13,measured
Detroit Pistons,Malik Beasley,1627736,G,malik beasley,,,,,,,,,80.625,imputed
Sacramento Kings,Malik Monk,1628370,G,malik monk,,,,,,,,,80.625,imputed
Detroit Pistons,Marcus Sasser,1631204,G,marcus sasser,187,2023,Marcus Sasser,6' 1.25'',195.6,PG,74.85,38.60%,74.85,measured
Washington Wizards,Marcus Smart,203935,G,marcus smart,632,2014,Marcus Smart,6' 2'',227.2,PG,97.21,99.90%,97.21,measured
New York Knicks,MarJon Beauchamp,1630699,F,marjon beauchamp,,,,,,,,,85.83,imputed
Charlotte Hornets,Mark Williams,1631109,C,mark williams,,,,,,,,,93.27,imputed
Sacramento Kings,Markelle Fultz,1628365,G,markelle fultz,,,,,,,,,80.625,imputed
Los Angeles Lakers,Markieff Morris,202693,F,markieff morris,,,,,,,,,85.83,imputed
Memphis Grizzlies,Marvin Bagley III,1628963,F,marvin bagley iii,,,,,,,,,85.83,imputed
Sacramento Kings,Mason Jones,1630222,G,mason jones,332,2020,Mason Jones,6'3.75'',207.2,WING,71.85,5.80%,71.85,measured
Phoenix Suns,Mason Plumlee,203486,F-C,mason plumlee,676,2013,Mason Plumlee,6' 11.25'',238.2,BIG,94.91,75.90%,94.91,measured
Chicago Bulls,Matas Buzelis,1641824,F,matas buzelis,121,2024,Matas Buzelis,6' 8.75'',197,WING,82.96,46.10%,82.96,measured
Portland Trail Blazers,Matisse Thybulle,1629680,G-F,matisse thybulle,,,,,,,,,84.81,imputed
Dallas Mavericks,Max Christie,1631108,G,max christie,244,2022,Max Christie,6' 4.25'',189.2,WING,82.41,43.20%,82.41,measured
Cleveland Cavaliers,Max Strus,1629622,G-F,max strus,,,,,,,,,84.81,imputed
Los Angeles Lakers,Maxi Kleber,1628467,F,maxi kleber,,,,,,,,,85.83,imputed
Brooklyn Nets,Maxwell Lewis,1641721,F,maxwell lewis,188,2023,Maxwell Lewis,6' 6.25'',207.2,WING,89.37,77.40%,89.37,measured
Utah Jazz,Micah Potter,1630695,C,micah potter,,,,,,,,,93.27,imputed
Denver Nuggets,Michael Porter Jr.,1629008,F,michael porter jr,,,,,,,,,85.83,imputed
New York Knicks,Mikal Bridges,1628969,G-F,mikal bridges,,,,,,,,,84.81,imputed
Minnesota Timberwolves,Mike Conley,201144,G,mike conley,1013,2007,Mike Conley,5' 11'',175,PG,83.92,87.40%,83.92,measured
Charlotte Hornets,Miles Bridges,1628970,F,miles bridges,,,,,,,,,85.83,imputed
New York Knicks,Miles McBride,1630540,G,miles mcbride,297,2021,Miles McBride,6'1.0'',195.2,PG,82.56,82.40%,82.56,measured
Boston Celtics,Miles Norris,1641936,F,miles norris,,,,,,,,,85.83,imputed
New York Knicks,Mitchell Robinson,1629011,C-F,mitchell robinson,,,,,,,,,89.695,imputed
Phoenix Suns,Monté Morris,1628420,G,monte morris,496,2017,Monte Morris,6' 1.25'',175.2,PG,70.9,18.00%,70.9,measured
Orlando Magic,Moritz Wagner,1629021,F-C,moritz wagner,447,2018,Moritz Wagner,6' 10.5'',241.4,BIG,87.5,39.70%,87.5,measured
Golden State Warriors,Moses Moody,1630541,G,moses moody,,,,,,,,,80.625,imputed
Atlanta Hawks,Mouhamed Gueye,1631243,F,mouhamed gueye,,,,,,,,,85.83,imputed
Charlotte Hornets,Moussa Diabaté,1631217,F,moussa diabate,246,2022,Moussa Diabate,6' 9.25'',216.6,BIG,84.89,27.40%,84.89,measured
Indiana Pacers,Myles Turner,1626167,C-F,myles turner,,,,,,,,,89.695,imputed
Cleveland Cavaliers,Nae'Qwan Tomlin,1641772,F,nae qwan tomlin,125,2024,Nae'Qwan Tomlin,6' 8.25'',205,BIG,78.35,7.30%,78.35,measured
Dallas Mavericks,Naji Marshall,1630230,F,naji marshall,333,2020,Naji Marshall,6'5.75'',233.5,WING,88.82,75.20%,88.82,measured
Houston Rockets,Nate Williams,1631466,G,nate williams,,,,,,,,,80.625,imputed
Minnesota Timberwolves,Naz Reid,1629675,C-F,naz reid,390,2019,Naz Reid,6' 8.75'',255.8,BIG,88.94,47.00%,88.94,measured
Boston Celtics,Neemias Queta,1629674,C,neemias queta,300,2021,Neemias Queta,6'11.25'',248.4,BIG,89.45,49.70%,89.45,measured
Houston Rockets,N'Faly Dante,1642368,C,n faly dante,124,2024,N'Faly Dante,6' 10.00'',260.2,BIG,92.72,66.20%,92.72,measured
Brooklyn Nets,Nic Claxton,1629651,C,nic claxton,,,,,,,,,93.27,imputed
Phoenix Suns,Nick Richards,1630208,C,nick richards,335,2020,Nick Richards,6'10.50'',241.6,BIG,94.74,75.20%,94.74,measured
Charlotte Hornets,Nick Smith Jr.,1641733,G,nick smith jr,,,,,,,,,80.625,imputed
Minnesota Timberwolves,Nickeil Alexander-Walker,1629638,G,nickeil alexander walker,,,,,,,,,80.625,imputed
Los Angeles Clippers,Nicolas Batum,201587,G-F,nicolas batum,,,,,,,,,84.81,imputed
Denver Nuggets,Nikola Jokić,203999,C,nikola jokic,,,,,,,,,93.27,imputed
Miami Heat,Nikola Jović,1631107,F,nikola jovic,,,,,,,,,85.83,imputed
Oklahoma City Thunder,Nikola Topić,1642260,G,nikola topic,,,,,,,,,80.625,imputed
Chicago Bulls,Nikola Vučević,202696,C,nikola vucevic,794,2011,Nikola Vucevic,6' 10.25'',259.8,BIG,83.45,21.60%,83.45,measured
Brooklyn Nets,Noah Clowney,1641730,F-C,noah clowney,,,,,,,,,95.17,imputed
Los Angeles Clippers,Norman Powell,1626181,G,norman powell,583,2015,Norman Powell,6' 3'',215.4,WING,92.24,87.20%,92.24,measured
Indiana Pacers,Obi Toppin,1630167,F,obi toppin,,,,,,,,,85.83,imputed
Toronto Raptors,Ochai Agbaji,1630534,G,ochai agbaji,247,2022,Ochai Agbaji,6' 4.50'',216.8,WING,91.56,85.20%,91.56,measured
New York Knicks,OG Anunoby,1628384,F-G,og anunoby,,,,,,,,,89.825,imputed
Dallas Mavericks,Olivier-Maxence Prosper,1641765,F,olivier maxence prosper,191,2023,Olivier-Maxence Prosper,6' 6.75'',212.4,BIG,96.37,81.40%,96.37,measured
Atlanta Hawks,Onyeka Okongwu,1630168,F-C,onyeka okongwu,,,,,,,,,95.17,imputed
Utah Jazz,Oscar Tshiebwe,1631131,F-C,oscar tshiebwe,193,2023,Oscar Tshiebwe,6' 7.25'',253.6,BIG,97.19,84.10%,97.19,measured
Phoenix Suns,Oso Ighodaro,1642345,F,oso ighodaro,128,2024,Oso Ighodaro,6' 9.50'',222,BIG,99.74,90.80%,99.74,measured
Oklahoma City Thunder,Ousmane Dieng,1631172,F,ousmane dieng,,,,,,,,,85.83,imputed
New York Knicks,P.J. Tucker,200782,F,p j tucker,,,,,,,,,85.83,imputed
Dallas Mavericks,P.J. Washington,1629023,F,p j washington,,,,,,,,,85.83,imputed
New York Knicks,Pacôme Dadiet,1642359,F,pacome dadiet,129,2024,Pacome Dadiet,6' 7.75'',216.8,WING,85.07,57.20%,85.07,measured
Orlando Magic,Paolo Banchero,1631094,F,paolo banchero,,,,,,,,,85.83,imputed
Indiana Pacers,Pascal Siakam,1627783,F,pascal siakam,547,2016,Pascal Siakam,6' 8.25'',226.6,BIG,91.29,59.20%,91.29,measured
Milwaukee Bucks,Pat Connaughton,1626192,G,pat connaughton,585,2015,Pat Connaughton,6' 4'',215,WING,102.79,99.40%,102.79,measured
Golden State Warriors,Pat Spencer,1630311,G,pat spencer,,,,,,,,,80.625,imputed
Los Angeles Clippers,Patrick Baldwin Jr.,1631116,F,patrick baldwin jr,249,2022,Patrick Baldwin Jr.,6' 9.25'',230.8,WING,76.41,16.60%,76.41,measured
Chicago Bulls,Patrick Williams,1630172,F,patrick williams,,,,,,,,,85.83,imputed
Los Angeles Clippers,Patty Mills,201988,G,patty mills,881,2009,Patty Mills,5' 11.25'',175.4,PG,70.11,14.90%,70.11,measured
Philadelphia 76ers,Paul George,202331,F,paul george,,,,,,,,,85.83,imputed
Detroit Pistons,Paul Reed,1630194,F,paul reed,,,,,,,,,85.83,imputed
Boston Celtics,Payton Pritchard,1630202,G,payton pritchard,,,,,,,,,80.625,imputed
Miami Heat,Pelle Larsson,1641796,G,pelle larsson,131,2024,Pelle Larsson,6' 5.25'',212.4,WING,86.95,66.70%,86.95,measured
Milwaukee Bucks,Pete Nance,1631250,F,pete nance,,,,,,,,,85.83,imputed
Denver Nuggets,Peyton Watson,1631212,G,peyton watson,250,2022,Peyton Watson,6' 6.75'',203.4,WING,78.97,26.50%,78.97,measured
Denver Nuggets,PJ Hall,1641790,C,pj hall,132,2024,PJ Hall,6' 8.25'',239.6,BIG,100.14,91.70%,100.14,measured
New York Knicks,Precious Achiuwa,1630173,F,precious achiuwa,,,,,,,,,85.83,imputed
Philadelphia 76ers,Quentin Grimes,1629656,G,quentin grimes,302,2021,Quentin Grimes,6'4.0'',205,WING,84.62,54.90%,84.62,measured
Indiana Pacers,Quenton Jackson,1631245,G,quenton jackson,,,,,,,,,80.625,imputed
Golden State Warriors,Quinten Post,1642366,C,quinten post,133,2024,Quinten Post,7' 0.00'',244.4,BIG,80.92,13.20%,80.92,measured
Portland Trail Blazers,Rayan Rupert,1641712,G-F,rayan rupert,194,2023,Rayan Rupert,6' 6.00'',193.2,WING,74.99,12.40%,74.99,measured
Indiana Pacers,RayJ Dennis,1642484,G,rayj dennis,,,,,,,,,80.625,imputed
Brooklyn Nets,Reece Beekman,1641736,G,reece beekman,134,2024,Reece Beekman,6' 1.25'',196.4,PG,80.96,75.10%,80.96,measured
Houston Rockets,Reed Sheppard,1642263,G,reed sheppard,135,2024,Reed Sheppard,6' 1.75'',181.6,PG,80.96,75.10%,80.96,measured
Washington Wizards,Richaun Holmes,1626158,F,richaun holmes,590,2015,Richaun Holmes,6' 8.25'',242.8,BIG,101.26,93.70%,101.26,measured
Philadelphia 76ers,Ricky Council IV,1641741,G,ricky council iv,196,2023,Ricky Council IV,6' 5.00'',208,WING,85.55,59.70%,85.55,measured
San Antonio Spurs,Riley Minix,1642434,F,riley minix,,,,,,,,,85.83,imputed
Toronto Raptors,RJ Barrett,1629628,F-G,rj barrett,,,,,,,,,89.825,imputed
Minnesota Timberwolves,Rob Dillingham,1642265,G,rob dillingham,,,,,,,,,80.625,imputed
Portland Trail Blazers,Robert Williams III,1629057,C-F,robert williams iii,,,,,,,,,89.695,imputed
Detroit Pistons,Ron Harper Jr.,1631199,G-F,ron harper jr,251,2022,Ron Harper Jr.,6' 4.00'',240.4,WING,84.81,55.80%,84.81,measured
Detroit Pistons,Ronald Holland II,1641842,F,ronald holland ii,,,,,,,,,85.83,imputed
Phoenix Suns,Royce O'Neale,1626220,F,royce o neale,,,,,,,,,85.83,imputed
Minnesota Timberwolves,Rudy Gobert,203497,C,rudy gobert,688,2013,Rudy Gobert,7' 0.5'',237.6,BIG,81.6,15.20%,81.6,measured
Los Angeles Lakers,Rui Hachimura,1629060,F,rui hachimura,,,,,,,,,85.83,imputed
Denver Nuggets,Russell Westbrook,201566,G,russell westbrook,951,2008,Russell Westbrook,6' 2.25'',192,PG,79.57,67.70%,79.57,measured
Phoenix Suns,Ryan Dunn,1642346,F,ryan dunn,137,2024,Ryan Dunn,6' 6.25'',213.6,BIG,90.38,54.50%,90.38,measured
Milwaukee Bucks,Ryan Rollins,1631157,G,ryan rollins,252,2022,Ryan Rollins,6' 2.00'',179.2,WING,76.5,17.00%,76.5,measured
Washington Wizards,Saddiq Bey,1630180,G-F,saddiq bey,,,,,,,,,84.81,imputed
Boston Celtics,Sam Hauser,1630573,F,sam hauser,304,2021,Sam Hauser,6'6.75'',217.4,WING,84.05,51.80%,84.05,measured
Cleveland Cavaliers,Sam Merrill,1630241,G,sam merrill,,,,,,,,,80.625,imputed
San Antonio Spurs,Sandro Mamukelashvili,1630572,F-C,sandro mamukelashvili,305,2021,Sandro Mamukelashvili,6'9.0'',239.8,BIG,95.43,77.90%,95.43,measured
Memphis Grizzlies,Santi Aldama,1630583,F-C,santi aldama,,,,,,,,,95.17,imputed
Portland Trail Blazers,Scoot Henderson,1630703,G,scoot henderson,,,,,,,,,80.625,imputed
Toronto Raptors,Scottie Barnes,1630567,F-G,scottie barnes,306,2021,Scottie Barnes,6'7.0'',225.4,WING,103.29,99.50%,103.29,measured
Memphis Grizzlies,Scotty Pippen Jr.,1630590,G,scotty pippen jr,253,2022,Scotty Pippen Jr.,6' 0.00'',180,PG,76.81,50.80%,76.81,measured
Charlotte Hornets,Seth Curry,203552,G,seth curry,,,,,,,,,80.625,imputed
Los Angeles Clippers,Seth Lundy,1641754,G-F,seth lundy,198,2023,Seth Lundy,6' 4.00'',214.4,WING,89.67,78.60%,89.67,measured
Portland Trail Blazers,Shaedon Sharpe,1631101,G,shaedon sharpe,,,,,,,,,80.625,imputed
Oklahoma City Thunder,Shai Gilgeous-Alexander,1628983,G,shai gilgeous alexander,,,,,,,,,80.625,imputed
Los Angeles Lakers,Shake Milton,1629003,G,shake milton,453,2018,Shake Milton,6' 4.5'',207.2,COMBO G,84.07,70.90%,84.07,measured
Portland Trail Blazers,Sidy Cissoko,1631321,G,sidy cissoko,199,2023,Sidy Cissoko,6' 5.50'',223.8,WING,90.48,81.60%,90.48,measured
Detroit Pistons,Simone Fontecchio,1631323,F,simone fontecchio,,,,,,,,,85.83,imputed
Dallas Mavericks,Spencer Dinwiddie,203915,G,spencer dinwiddie,,,,,,,,,80.625,imputed
Denver Nuggets,Spencer Jones,1642461,F,spencer jones,,,,,,,,,85.83,imputed
Milwaukee Bucks,Stanley Umude,1630649,G,stanley umude,,,,,,,,,80.625,imputed
Golden State Warriors,Stephen Curry,201939,G,stephen curry,884,2009,Stephen Curry,6' 2'',181,COMBO G,75.26,28.10%,75.26,measured
San Antonio Spurs,Stephon Castle,1642264,G,stephon castle,138,2024,Stephon Castle,6' 5.50'',210,WING,81.97,40.90%,81.97,measured
Houston Rockets,Steven Adams,203500,C,steven adams,692,2013,Steven Adams,6' 10.75'',254.5,BIG,94.92,75.90%,94.92,measured
Utah Jazz,Svi Mykhailiuk,1629004,G-F,svi mykhailiuk,506,2017,Svi Mykhailiuk,6' 6.5'',219.6,WING,81.47,38.30%,81.47,measured
Indiana Pacers,T.J. McConnell,204456,G,t j mcconnell,,,,,,,,,80.625,imputed
Charlotte Hornets,Taj Gibson,201959,F,taj gibson,885,2009,Taj Gibson,6' 8.5'',214.4,BIG,76.7,4.80%,76.7,measured
Chicago Bulls,Talen Horton-Tucker,1629659,G,talen horton tucker,400,2019,Talen Horton-Tucker,6' 2.5'',235.4,WING,83.51,49.00%,83.51,measured
Golden State Warriors,Taran Armstrong,1642379,G,taran armstrong,,,,,,,,,80.625,imputed
Houston Rockets,Tari Eason,1631106,F,tari eason,,,,,,,,,85.83,imputed
Milwaukee Bucks,Taurean Prince,1627752,F,taurean prince,552,2016,Taurean Prince,6' 6.5'',220.2,WING,96.9,96.00%,96.9,measured
Utah Jazz,Taylor Hendricks,1641707,F,taylor hendricks,200,2023,Taylor Hendricks,6' 8.25'',213.6,BIG,91.48,60.10%,91.48,measured
Atlanta Hawks,Terance Mann,1629611,G-F,terance mann,401,2019,Terance Mann,6' 4.75'',204.6,WING,88.58,74.10%,88.58,measured
Sacramento Kings,Terence Davis,1629056,G,terence davis,402,2019,Terence Davis,6' 3'',192.4,WING,78.72,25.40%,78.72,measured
Minnesota Timberwolves,Terrence Shannon Jr.,1630545,G-F,terrence shannon jr,202,2023,Terrence Shannon Jr.,6' 5.50'',220,WING,92.61,88.20%,92.61,measured
Miami Heat,Terry Rozier,1626179,G,terry rozier,595,2015,Terry Rozier,6' 0.5'',190.2,COMBO G,84.77,73.90%,84.77,measured
Indiana Pacers,Thomas Bryant,1628418,C-F,thomas bryant,508,2017,Thomas Bryant,6' 9.5'',247.8,BIG,85.56,30.40%,85.56,measured
Charlotte Hornets,Tidjane Salaün,1642275,F,tidjane salaun,139,2024,Tidjane Salaun,6' 8.75'',217.4,BIG,81.9,16.10%,81.9,measured
Detroit Pistons,Tim Hardaway Jr.,203501,G-F,tim hardaway jr,693,2013,Tim Hardaway Jr.,6' 4.5'',199.4,WING,84.81,55.80%,84.81,measured
Detroit Pistons,Tobias Harris,202699,F,tobias harris,800,2011,Tobias Harris,6' 6.5'',222.8,COMBO F,92.36,75.60%,92.36,measured
Detroit Pistons,Tolu Smith,1642449,F,tolu smith,,,,,,,,,85.83,imputed
Indiana Pacers,Tony Bradley,1628396,C-F,tony bradley,510,2017,Tony Bradley,6' 9.25'',248.8,BIG,83.26,20.80%,83.26,measured
Boston Celtics,Torrey Craig,1628470,F,torrey craig,,,,,,,,,85.83,imputed
Brooklyn Nets,Tosan Evbuomwan,1641787,F,tosan evbuomwan,,,,,,,,,85.83,imputed
Portland Trail Blazers,Toumani Camara,1641739,F,toumani camara,203,2023,Toumani Camara,6' 7.00'',220.4,BIG,84.95,27.70%,84.95,measured
Atlanta Hawks,Trae Young,1629027,G,trae young,,,,,,,,,80.625,imputed
Golden State Warriors,Trayce Jackson-Davis,1631218,F,trayce jackson davis,204,2023,Trayce Jackson-Davis,6' 8.25'',240.4,BIG,101.59,94.20%,101.59,measured
Chicago Bulls,Tre Jones,1630200,G,tre jones,,,,,,,,,80.625,imputed
Charlotte Hornets,Tre Mann,1630544,G,tre mann,,,,,,,,,80.625,imputed
Brooklyn Nets,Trendon Watford,1630570,G-F,trendon watford,309,2021,Trendon Watford,6'7.5'',237.4,BIG,88.73,46.00%,88.73,measured
Los Angeles Clippers,Trentyn Flowers,1642280,F,trentyn flowers,140,2024,Trentyn Flowers,6' 6.50'',201.4,WING,91.42,84.70%,91.42,measured
Orlando Magic,Trevelin Queen,1630243,G,trevelin queen,,,,,,,,,80.625,imputed
Denver Nuggets,Trey Alexander,1641725,G,trey alexander,142,2024,Trey Alexander,6' 3.25'',187,WING,71.41,5.10%,71.41,measured
Los Angeles Lakers,Trey Jemison III,1641998,C,trey jemison iii,,,,,,,,,93.27,imputed
Sacramento Kings,Trey Lyles,1626168,F,trey lyles,,,,,,,,,85.83,imputed
New Orleans Pelicans,Trey Murphy III,1630530,F,trey murphy iii,310,2021,Trey Murphy III,6'7.5'',206,WING,92,86.50%,92,measured
Orlando Magic,Tristan da Silva,1641783,F,tristan da silva,143,2024,Tristan Da Silva,6' 8.25'',216.8,BIG,83.86,23.10%,83.86,measured
Cleveland Cavaliers,Tristan Thompson,202684,C-F,tristan thompson,803,2011,Tristan Thompson,6' 7.5'',227.4,BIG,90.45,54.90%,90.45,measured
Washington Wizards,Tristan Vukcevic,1641774,F,tristan vukcevic,206,2023,Tristan Vukcevic,6' 11.25'',223.4,BIG,80.15,11.20%,80.15,measured
Minnesota Timberwolves,Tristen Newton,1641803,G,tristen newton,144,2024,Tristen Newton,6' 3.25'',191.8,PG,69.94,14.30%,69.94,measured
Cleveland Cavaliers,Ty Jerome,1629660,G-F,ty jerome,404,2019,Ty Jerome,6' 4.25'',194.4,PG,72.49,25.30%,72.49,measured
Miami Heat,Tyler Herro,1629639,G,tyler herro,,,,,,,,,80.625,imputed
New York Knicks,Tyler Kolek,1642278,G,tyler kolek,145,2024,Tyler Kolek,6' 1.25'',196.6,PG,75.1,40.10%,75.1,measured
Milwaukee Bucks,Tyler Smith,1641890,F,tyler smith,146,2024,Tyler Smith,6' 9.00'',223.8,BIG,93.77,71.00%,93.77,measured
Indiana Pacers,Tyrese Haliburton,1630169,G,tyrese haliburton,,,,,,,,,80.625,imputed
Brooklyn Nets,Tyrese Martin,1631213,F,tyrese martin,,,,,,,,,85.83,imputed
Philadelphia 76ers,Tyrese Maxey,1630178,G,tyrese maxey,,,,,,,,,80.625,imputed
Brooklyn Nets,Tyson Etienne,1630623,G,tyson etienne,,,,,,,,,80.625,imputed
Phoenix Suns,TyTy Washington Jr.,1631102,G,tyty washington jr,,,,,,,,,80.625,imputed
Phoenix Suns,Tyus Jones,1626145,G,tyus jones,599,2015,Tyus Jones,6' 0.5'',184.6,PG,70.83,17.70%,70.83,measured
Toronto Raptors,Ulrich Chomche,1642279,C,ulrich chomche,147,2024,Ulrich Chomche,6' 10.25'',232.4,BIG,89.61,50.50%,89.61,measured
Phoenix Suns,Vasilije Micic,203995,G,vasilije micic,,,,,,,,,80.625,imputed
Atlanta Hawks,Vít Krejčí,1630249,G,vit krejci,,,,,,,,,80.625,imputed
San Antonio Spurs,Victor Wembanyama,1641705,F-C,victor wembanyama,,,,,,,,,95.17,imputed
Memphis Grizzlies,Vince Williams Jr.,1631246,G,vince williams jr,,,,,,,,,80.625,imputed
Denver Nuggets,Vlatko Čančar,1628427,F,vlatko cancar,,,,,,,,,85.83,imputed
Utah Jazz,Walker Kessler,1631117,C,walker kessler,,,,,,,,,93.27,imputed
Orlando Magic,Wendell Carter Jr.,1628976,C-F,wendell carter jr,,,,,,,,,89.695,imputed
Charlotte Hornets,Wendell Moore Jr.,1631111,G,wendell moore jr,,,,,,,,,80.625,imputed
Boston Celtics,Xavier Tillman,1630214,F,xavier tillman,,,,,,,,,85.83,imputed
Memphis Grizzlies,Yuki Kawamura,1642530,G,yuki kawamura,,,,,,,,,80.625,imputed
New Orleans Pelicans,Yves Missi,1642274,C,yves missi,148,2024,Yves Missi,6' 10.75'',229.4,BIG,93.27,68.70%,93.27,measured
Atlanta Hawks,Zaccharie Risacher,1642258,F,zaccharie risacher,149,2024,Zaccharie Risacher,6' 8.5'',194.6,WING,70.58,4.10%,70.58,measured
Chicago Bulls,Zach Collins,1628380,F-C,zach collins,,,,,,,,,95.17,imputed
Memphis Grizzlies,Zach Edey,1641744,C,zach edey,150,2024,Zach Edey,7' 3.75'',299,BIG,100.45,92.30%,100.45,measured
Sacramento Kings,Zach LaVine,203897,G,zach lavine,648,2014,Zach LaVine,6' 4.5'',180.9,PG,82.42,81.80%,82.42,measured
Denver Nuggets,Zeke Nnaji,1630192,F-C,zeke nnaji,348,2020,Zeke Nnaji,6'9.25'',246.8,BIG,103.79,96.80%,103.79,measured
Brooklyn Nets,Ziaire Williams,1630533,F,ziaire williams,312,2021,Ziaire Williams,6'8.25'',188.4,WING,85.88,61.40%,85.88,measured
New Orleans Pelicans,Zion Williamson,1629627,F,zion williamson,,,,,,,,,85.83,imputed
Memphis Grizzlies,Zyon Pullin,1642389,G,zyon pullin,,,,,,,,,80.625,imputed
