team,player_name,player_id,position,name_key,unnamed:_0,year,player,height,weight,position_bsp,bsparq,nba_pct
Atlanta Hawks,Jacob Toppin,1631210,F,jacob toppin,,,,,,,,
Atlanta Hawks,Jalen Johnson,1630552,F,jalen johnson,,,,,,,,
Atlanta Hawks,Keaton Wallace,1630811,G,keaton wallace,,,,,,,,
Atlanta Hawks,Caris LeVert,1627747,G,caris levert,,,,,,,,
Atlanta Hawks,Kobe Bufkin,1641723,G,kobe bufkin,184.0,2023.0,Kobe Bufkin,6' 4.25'',186.8,WING,76.07,15.60%
Atlanta Hawks,Dyson Daniels,1630700,G,dyson daniels,220.0,2022.0,Dyson Daniels,6' 6.00'',195.2,WING,78.51,24.50%
Atlanta Hawks,Zaccharie Risacher,1642258,F,zaccharie risacher,149.0,2024.0,Zaccharie Risacher,6' 8.5'',194.6,WING,70.58,4.10%
Atlanta Hawks,Trae Young,1629027,G,trae young,,,,,,,,
Atlanta Hawks,Terance Mann,1629611,G-F,terance mann,401.0,2019.0,Terance Mann,6' 4.75'',204.6,WING,88.58,74.10%
Atlanta Hawks,Clint Capela,203991,C,clint capela,,,,,,,,
Atlanta Hawks,Onyeka Okongwu,1630168,F-C,onyeka okongwu,,,,,,,,
Atlanta Hawks,Mouhamed Gueye,1631243,F,mouhamed gueye,,,,,,,,
Atlanta Hawks,Georges Niang,1627777,F,georges niang,527.0,2016.0,Georges Niang,6' 6.75'',230.8,BIG,79.9,10.60%
Atlanta Hawks,Larry Nance Jr.,1626204,F-C,larry nance jr,,,,,,,,
Atlanta Hawks,Garrison Mathews,1629726,G,garrison mathews,,,,,,,,
Atlanta Hawks,Dominick Barlow,1631230,F,dominick barlow,218.0,2022.0,Dominick Barlow,6' 8.75'',221.0,BIG,85.09,28.30%
Atlanta Hawks,Vít Krejčí,1630249,G,vit krejci,,,,,,,,
Atlanta Hawks,Daeqwon Plowden,1631342,G-F,daeqwon plowden,,,,,,,,
Boston Celtics,Jayson Tatum,1628369,F-G,jayson tatum,,,,,,,,
Boston Celtics,Miles Norris,1641936,F,miles norris,,,,,,,,
Boston Celtics,Jrue Holiday,201950,G,jrue holiday,878.0,2009.0,Jrue Holiday,6' 3.25'',199.0,COMBO G,78.76,44.80%
Boston Celtics,Jaylen Brown,1627759,G-F,jaylen brown,,,,,,,,
Boston Celtics,Kristaps Porziņģis,204001,F-C,kristaps porzingis,,,,,,,,
Boston Celtics,Derrick White,1628401,G,derrick white,467.0,2017.0,Derrick White,6' 3.25'',189.8,PG,80.75,74.10%
Boston Celtics,Payton Pritchard,1630202,G,payton pritchard,,,,,,,,
Boston Celtics,Torrey Craig,1628470,F,torrey craig,,,,,,,,
Boston Celtics,Drew Peterson,1641809,F,drew peterson,,,,,,,,
Boston Celtics,JD Davison,1631120,G,jd davison,230.0,2022.0,JD Davison,6' 0.50'',191.8,PG,79.58,67.70%
Boston Celtics,Xavier Tillman,1630214,F,xavier tillman,,,,,,,,
Boston Celtics,Jordan Walsh,1641775,G,jordan walsh,179.0,2023.0,Jordan Walsh,6' 5.75'',204.0,WING,89.27,77.00%
Boston Celtics,Sam Hauser,1630573,F,sam hauser,304.0,2021.0,Sam Hauser,6'6.75'',217.4,WING,84.05,51.80%
Boston Celtics,Luke Kornet,1628436,C-F,luke kornet,,,,,,,,
Boston Celtics,Al Horford,201143,C-F,al horford,964.0,2007.0,Al Horford,6' 8'',246.0,BIG,98.6,88.10%
Boston Celtics,Baylor Scheierman,1631248,G,baylor scheierman,80.0,2024.0,Baylor Scheierman,6' 6.25'',201.6,WING,77.36,20.00%
Boston Celtics,Neemias Queta,1629674,C,neemias queta,300.0,2021.0,Neemias Queta,6'11.25'',248.4,BIG,89.45,49.70%
Boston Celtics,Neemias Queta,1629674,C,neemias queta,391.0,2019.0,Neemias Queta,6' 10.75'',225.8,BIG,76.32,4.30%
Cleveland Cavaliers,Max Strus,1629622,G-F,max strus,,,,,,,,
Cleveland Cavaliers,Ty Jerome,1629660,G-F,ty jerome,404.0,2019.0,Ty Jerome,6' 4.25'',194.4,PG,72.49,25.30%
Cleveland Cavaliers,Evan Mobley,1630596,C,evan mobley,,,,,,,,
Cleveland Cavaliers,Sam Merrill,1630241,G,sam merrill,,,,,,,,
Cleveland Cavaliers,Javonte Green,1629750,G,javonte green,,,,,,,,
Cleveland Cavaliers,Craig Porter Jr.,1641854,G,craig porter jr,,,,,,,,
Cleveland Cavaliers,Darius Garland,1629636,G,darius garland,,,,,,,,
Cleveland Cavaliers,De'Andre Hunter,1629631,F-G,de andre hunter,,,,,,,,
Cleveland Cavaliers,Tristan Thompson,202684,C-F,tristan thompson,803.0,2011.0,Tristan Thompson,6' 7.5'',227.4,BIG,90.45,54.90%
Cleveland Cavaliers,Chuma Okeke,1629643,F,chuma okeke,,,,,,,,
Cleveland Cavaliers,Emoni Bates,1641734,F,emoni bates,168.0,2023.0,Emoni Bates,6' 8.25'',179.2,WING,70.19,3.60%
Cleveland Cavaliers,Jaylon Tyson,1642281,G-F,jaylon tyson,108.0,2024.0,Jaylon Tyson,6' 5.50'',218.2,WING,86.53,64.60%
Cleveland Cavaliers,Nae'Qwan Tomlin,1641772,F,nae qwan tomlin,125.0,2024.0,Nae'Qwan Tomlin,6' 8.25'',205.0,BIG,78.35,7.30%
Cleveland Cavaliers,Jarrett Allen,1628386,C,jarrett allen,483.0,2017.0,Jarrett Allen,6' 9'',233.6,BIG,95.76,79.20%
Cleveland Cavaliers,Dean Wade,1629731,F-C,dean wade,,,,,,,,
Cleveland Cavaliers,Luke Travers,1631247,F,luke travers,,,,,,,,
Cleveland Cavaliers,Isaac Okoro,1630171,F-G,isaac okoro,,,,,,,,
Cleveland Cavaliers,Donovan Mitchell,1628378,G,donovan mitchell,470.0,2017.0,Donovan Mitchell,6' 1.25'',211.4,WING,99.27,98.10%
New Orleans Pelicans,Keion Brooks Jr.,1631232,F,keion brooks jr,,,,,,,,
New Orleans Pelicans,Bruce Brown,1628971,G-F,bruce brown,415.0,2018.0,Bruce Brown,6' 3.5'',194.6,COMBO G,85.2,75.70%
New Orleans Pelicans,Zion Williamson,1629627,F,zion williamson,,,,,,,,
New Orleans Pelicans,Herbert Jones,1630529,F,herbert jones,273.0,2021.0,Herbert Jones,6'6.0'',206.4,WING,80.92,35.60%
New Orleans Pelicans,CJ McCollum,203468,G,cj mccollum,658.0,2013.0,CJ McCollum,6' 2.25'',197.0,COMBO G,85.05,75.10%
New Orleans Pelicans,Elfrid Payton,203901,G,elfrid payton,616.0,2014.0,Elfrid Payton,6' 2.5'',185.4,PG,80.25,71.40%
New Orleans Pelicans,Dejounte Murray,1627749,G,dejounte murray,,,,,,,,
New Orleans Pelicans,Jamal Cain,1631288,F,jamal cain,,,,,,,,
New Orleans Pelicans,Brandon Boston,1630527,G,brandon boston,,,,,,,,
New Orleans Pelicans,Antonio Reeves,1641810,G,antonio reeves,79.0,2024.0,Antonio Reeves,6' 4.50'',186.6,WING,75.99,15.30%
New Orleans Pelicans,Kelly Olynyk,203482,F-C,kelly olynyk,672.0,2013.0,Kelly Olynyk,6' 10.75'',234.0,BIG,79.57,9.80%
New Orleans Pelicans,Jose Alvarado,1630631,G,jose alvarado,,,,,,,,
New Orleans Pelicans,Karlo Matković,1631255,F-C,karlo matkovic,,,,,,,,
New Orleans Pelicans,Yves Missi,1642274,C,yves missi,148.0,2024.0,Yves Missi,6' 10.75'',229.4,BIG,93.27,68.70%
New Orleans Pelicans,Lester Quinones,1631311,G,lester quinones,,,,,,,,
New Orleans Pelicans,Jordan Hawkins,1641722,G,jordan hawkins,,,,,,,,
New Orleans Pelicans,Trey Murphy III,1630530,F,trey murphy iii,310.0,2021.0,Trey Murphy III,6'7.5'',206.0,WING,92.0,86.50%
New Orleans Pelicans,Jeremiah Robinson-Earl,1630526,F,jeremiah robinson earl,278.0,2021.0,Jeremiah Robinson-Earl,6'7.75'',242.4,BIG,87.74,40.90%
Chicago Bulls,Coby White,1629632,G,coby white,,,,,,,,
Chicago Bulls,Lonzo Ball,1628366,G,lonzo ball,,,,,,,,
Chicago Bulls,Josh Giddey,1630581,G,josh giddey,,,,,,,,
Chicago Bulls,Jevon Carter,1628975,G,jevon carter,433.0,2018.0,Jevon Carter,6' 0.25'',196.2,PG,78.92,63.90%
Chicago Bulls,Jalen Smith,1630188,F-C,jalen smith,,,,,,,,
Chicago Bulls,Nikola Vučević,202696,C,nikola vucevic,794.0,2011.0,Nikola Vucevic,6' 10.25'',259.8,BIG,83.45,21.60%
Chicago Bulls,Ayo Dosunmu,1630245,G,ayo dosunmu,263.0,2021.0,Ayo Dosunmu,6'3.5'',194.4,WING,74.42,10.90%
Chicago Bulls,Jahmir Young,1642443,G,jahmir young,,,,,,,,
Chicago Bulls,Zach Collins,1628380,F-C,zach collins,,,,,,,,
Chicago Bulls,Kevin Huerter,1628989,G-F,kevin huerter,439.0,2018.0,Kevin Huerter,6' 6.25'',194.0,WING,82.02,41.20%
Chicago Bulls,Matas Buzelis,1641824,F,matas buzelis,121.0,2024.0,Matas Buzelis,6' 8.75'',197.0,WING,82.96,46.10%
Chicago Bulls,Julian Phillips,1641763,F,julian phillips,181.0,2023.0,Julian Phillips,6' 6.75'',196.6,WING,92.66,88.30%
Chicago Bulls,Emanuel Miller,1641801,F,emanuel miller,,,,,,,,
Chicago Bulls,Talen Horton-Tucker,1629659,G,talen horton tucker,400.0,2019.0,Talen Horton-Tucker,6' 2.5'',235.4,WING,83.51,49.00%
Chicago Bulls,Dalen Terry,1631207,F,dalen terry,,,,,,,,
Chicago Bulls,Tre Jones,1630200,G,tre jones,,,,,,,,
Chicago Bulls,E.J. Liddell,1630604,F,e j liddell,221.0,2022.0,E.J. Liddell,6' 5.50'',243.0,BIG,108.61,99.30%
Chicago Bulls,Patrick Williams,1630172,F,patrick williams,,,,,,,,
Dallas Mavericks,Danté Exum,203957,G,dante exum,610.0,2014.0,Dante Exum,6' 4.5'',196.3,WING,83.73,50.20%
Dallas Mavericks,Max Christie,1631108,G,max christie,244.0,2022.0,Max Christie,6' 4.25'',189.2,WING,82.41,43.20%
Dallas Mavericks,Jaden Hardy,1630702,G,jaden hardy,,,,,,,,
Dallas Mavericks,Dereck Lively II,1641726,C,dereck lively ii,,,,,,,,
Dallas Mavericks,Anthony Davis,203076,F-C,anthony davis,,,,,,,,
Dallas Mavericks,Dwight Powell,203939,F-C,dwight powell,615.0,2014.0,Dwight Powell,6' 9.5'',234.4,BIG,89.02,47.40%
Dallas Mavericks,Olivier-Maxence Prosper,1641765,F,olivier maxence prosper,191.0,2023.0,Olivier-Maxence Prosper,6' 6.75'',212.4,BIG,96.37,81.40%
Dallas Mavericks,Brandon Williams,1630314,G,brandon williams,,,,,,,,
Dallas Mavericks,Kyrie Irving,202681,G,kyrie irving,,,,,,,,
Dallas Mavericks,Naji Marshall,1630230,F,naji marshall,333.0,2020.0,Naji Marshall,6'5.75'',233.5,WING,88.82,75.20%
Dallas Mavericks,Caleb Martin,1628997,F,caleb martin,417.0,2018.0,Caleb Martin,6' 4.75'',195.8,WING,78.73,25.50%
Dallas Mavericks,Kessler Edwards,1630556,F,kessler edwards,289.0,2021.0,Kessler Edwards,6'7.0'',203.0,BIG,78.89,8.40%
Dallas Mavericks,Daniel Gafford,1629655,F-C,daniel gafford,358.0,2019.0,Daniel Gafford,6' 9.25'',237.6,BIG,99.48,90.30%
Dallas Mavericks,Kai Jones,1630539,C-F,kai jones,,,,,,,,
Dallas Mavericks,P.J. Washington,1629023,F,p j washington,,,,,,,,
Dallas Mavericks,Spencer Dinwiddie,203915,G,spencer dinwiddie,,,,,,,,
Dallas Mavericks,Klay Thompson,202691,G,klay thompson,787.0,2011.0,Klay Thompson,6' 5.75'',205.6,WING,76.5,16.90%
Denver Nuggets,Christian Braun,1631128,G,christian braun,213.0,2022.0,Christian Braun,6' 5.50'',209.2,WING,92.15,86.90%
Denver Nuggets,Michael Porter Jr.,1629008,F,michael porter jr,,,,,,,,
Denver Nuggets,Julian Strawther,1631124,G,julian strawther,182.0,2023.0,Julian Strawther,6' 6.00'',208.8,WING,79.48,28.80%
Denver Nuggets,Julian Strawther,1631124,G,julian strawther,235.0,2022.0,Julian Strawther,6' 5.75'',207.6,WING,81.21,37.10%
Denver Nuggets,Russell Westbrook,201566,G,russell westbrook,951.0,2008.0,Russell Westbrook,6' 2.25'',192.0,PG,79.57,67.70%
Denver Nuggets,Hunter Tyson,1641816,F,hunter tyson,,,,,,,,
Denver Nuggets,DeAndre Jordan,201599,C,deandre jordan,906.0,2008.0,DeAndre Jordan,6' 9.75'',250.0,BIG,87.35,38.90%
Denver Nuggets,Peyton Watson,1631212,G,peyton watson,250.0,2022.0,Peyton Watson,6' 6.75'',203.4,WING,78.97,26.50%
Denver Nuggets,Dario Šarić,203967,F-C,dario saric,,,,,,,,
Denver Nuggets,PJ Hall,1641790,C,pj hall,132.0,2024.0,PJ Hall,6' 8.25'',239.6,BIG,100.14,91.70%
Denver Nuggets,DaRon Holmes II,1641747,F,daron holmes ii,90.0,2024.0,DaRon Holmes II,6' 8.75'',236.2,BIG,87.2,38.20%
Denver Nuggets,DaRon Holmes II,1641747,F,daron holmes ii,165.0,2023.0,DaRon Holmes II,6' 9.00'',220.8,BIG,87.25,38.40%
Denver Nuggets,Nikola Jokić,203999,C,nikola jokic,,,,,,,,
Denver Nuggets,Spencer Jones,1642461,F,spencer jones,,,,,,,,
Denver Nuggets,Zeke Nnaji,1630192,F-C,zeke nnaji,348.0,2020.0,Zeke Nnaji,6'9.25'',246.8,BIG,103.79,96.80%
Denver Nuggets,Trey Alexander,1641725,G,trey alexander,142.0,2024.0,Trey Alexander,6' 3.25'',187.0,WING,71.41,5.10%
Denver Nuggets,Trey Alexander,1641725,G,trey alexander,205.0,2023.0,Trey Alexander,6' 3.25'',184.6,WING,76.3,16.30%
Denver Nuggets,Jalen Pickett,1629618,G,jalen pickett,174.0,2023.0,Jalen Pickett,6' 2.00'',197.8,PG,78.36,60.50%
Denver Nuggets,Jamal Murray,1627750,G,jamal murray,,,,,,,,
Denver Nuggets,Vlatko Čančar,1628427,F,vlatko cancar,,,,,,,,
Denver Nuggets,Aaron Gordon,203932,F,aaron gordon,602.0,2014.0,Aaron Gordon,6' 7.5'',220.1,BIG,93.69,70.60%
Golden State Warriors,Gary Payton II,1627780,G,gary payton ii,526.0,2016.0,Gary Payton II,6' 2'',183.8,PG,79.81,69.00%
Golden State Warriors,Jonathan Kuminga,1630228,F,jonathan kuminga,,,,,,,,
Golden State Warriors,Taran Armstrong,1642379,G,taran armstrong,,,,,,,,
Golden State Warriors,Brandin Podziemski,1641764,G,brandin podziemski,159.0,2023.0,Brandin Podziemski,6' 3.75'',203.8,WING,86.22,63.10%
Golden State Warriors,Moses Moody,1630541,G,moses moody,,,,,,,,
Golden State Warriors,Kevon Looney,1626172,F,kevon looney,,,,,,,,
Golden State Warriors,Buddy Hield,1627741,G,buddy hield,,,,,,,,
Golden State Warriors,Jimmy Butler III,202710,F,jimmy butler iii,,,,,,,,
Golden State Warriors,Braxton Key,1630296,F,braxton key,,,,,,,,
Golden State Warriors,Gui Santos,1630611,F,gui santos,,,,,,,,
Golden State Warriors,Quinten Post,1642366,C,quinten post,133.0,2024.0,Quinten Post,7' 0.00'',244.4,BIG,80.92,13.20%
Golden State Warriors,Draymond Green,203110,F,draymond green,711.0,2012.0,Draymond Green,6' 5.75'',235.6,COMBO F,88.24,55.10%
Golden State Warriors,Stephen Curry,201939,G,stephen curry,884.0,2009.0,Stephen Curry,6' 2'',181.0,COMBO G,75.26,28.10%
Golden State Warriors,Kevin Knox II,1628995,F,kevin knox ii,,,,,,,,
Golden State Warriors,Trayce Jackson-Davis,1631218,F,trayce jackson davis,204.0,2023.0,Trayce Jackson-Davis,6' 8.25'',240.4,BIG,101.59,94.20%
Golden State Warriors,Jackson Rowe,1642050,F,jackson rowe,,,,,,,,
Golden State Warriors,Pat Spencer,1630311,G,pat spencer,,,,,,,,
Houston Rockets,Aaron Holiday,1628988,G,aaron holiday,407.0,2018.0,Aaron Holiday,5' 11.75'',187.0,PG,69.67,13.30%
Houston Rockets,Amen Thompson,1641708,G-F,amen thompson,,,,,,,,
Houston Rockets,Jock Landale,1629111,C,jock landale,,,,,,,,
Houston Rockets,N'Faly Dante,1642368,C,n faly dante,124.0,2024.0,N'Faly Dante,6' 10.00'',260.2,BIG,92.72,66.20%
Houston Rockets,Jalen Green,1630224,G,jalen green,,,,,,,,
Houston Rockets,Fred VanVleet,1627832,G,fred vanvleet,,,,,,,,
Houston Rockets,Cam Whitmore,1641715,F,cam whitmore,160.0,2023.0,Cam Whitmore,6' 5.75'',235.0,WING,96.44,95.50%
Houston Rockets,Jae'Sean Tate,1630256,F,jae sean tate,,,,,,,,
Houston Rockets,Dillon Brooks,1628415,G-F,dillon brooks,469.0,2017.0,Dillon Brooks,6' 5'',220.2,WING,90.45,81.50%
Houston Rockets,Jabari Smith Jr.,1631095,F,jabari smith jr,,,,,,,,
Houston Rockets,Steven Adams,203500,C,steven adams,692.0,2013.0,Steven Adams,6' 10.75'',254.5,BIG,94.92,75.90%
Houston Rockets,Reed Sheppard,1642263,G,reed sheppard,135.0,2024.0,Reed Sheppard,6' 1.75'',181.6,PG,80.96,75.10%
Houston Rockets,Tari Eason,1631106,F,tari eason,,,,,,,,
Houston Rockets,Nate Williams,1631466,G,nate williams,,,,,,,,
Houston Rockets,Alperen Sengun,1630578,C,alperen sengun,,,,,,,,
Houston Rockets,Jeff Green,201145,F,jeff green,1001.0,2007.0,Jeff Green,6' 7'',228.0,WING,98.54,97.60%
Houston Rockets,David Roddy,1631223,F,david roddy,216.0,2022.0,David Roddy,6' 4.50'',260.8,BIG,92.98,67.40%
Houston Rockets,Jack McVeigh,1629098,G-F,jack mcveigh,,,,,,,,
Los Angeles Clippers,James Harden,201935,G,james harden,866.0,2009.0,James Harden,6' 4'',222.0,WING,92.14,86.90%
Los Angeles Clippers,Kawhi Leonard,202695,F,kawhi leonard,783.0,2011.0,Kawhi Leonard,6' 6'',227.4,WING,80.17,32.00%
Los Angeles Clippers,Seth Lundy,1641754,G-F,seth lundy,198.0,2023.0,Seth Lundy,6' 4.00'',214.4,WING,89.67,78.60%
Los Angeles Clippers,Amir Coffey,1629599,G-F,amir coffey,,,,,,,,
Los Angeles Clippers,Kris Dunn,1627739,G,kris dunn,,,,,,,,
Los Angeles Clippers,Trentyn Flowers,1642280,F,trentyn flowers,140.0,2024.0,Trentyn Flowers,6' 6.50'',201.4,WING,91.42,84.70%
Los Angeles Clippers,Bogdan Bogdanović,203992,G,bogdan bogdanovic,,,,,,,,
Los Angeles Clippers,Jordan Miller,1641757,G,jordan miller,178.0,2023.0,Jordan Miller,6' 4.50'',191.6,WING,83.17,47.20%
Los Angeles Clippers,Cam Christie,1642353,G,cam christie,84.0,2024.0,Cam Christie,6' 4.50'',190.4,WING,83.77,50.40%
Los Angeles Clippers,Drew Eubanks,1629234,F-C,drew eubanks,,,,,,,,
Los Angeles Clippers,Kobe Brown,1641738,F,kobe brown,183.0,2023.0,Kobe Brown,6' 6.50'',252.2,BIG,94.3,73.30%
Los Angeles Clippers,Patrick Baldwin Jr.,1631116,F,patrick baldwin jr,249.0,2022.0,Patrick Baldwin Jr.,6' 9.25'',230.8,WING,76.41,16.60%
Los Angeles Clippers,Norman Powell,1626181,G,norman powell,583.0,2015.0,Norman Powell,6' 3'',215.4,WING,92.24,87.20%
Los Angeles Clippers,Ben Simmons,1627732,G-F,ben simmons,,,,,,,,
Los Angeles Clippers,Nicolas Batum,201587,G-F,nicolas batum,,,,,,,,
Los Angeles Clippers,Ivica Zubac,1627826,C,ivica zubac,,,,,,,,
Los Angeles Clippers,Derrick Jones Jr.,1627884,F,derrick jones jr,,,,,,,,
Los Angeles Clippers,Patty Mills,201988,G,patty mills,881.0,2009.0,Patty Mills,5' 11.25'',175.4,PG,70.11,14.90%
Los Angeles Lakers,Jarred Vanderbilt,1629020,F,jarred vanderbilt,,,,,,,,
Los Angeles Lakers,Dalton Knecht,1642261,F,dalton knecht,89.0,2024.0,Dalton Knecht,6' 5.25'',212.2,WING,87.92,71.20%
Los Angeles Lakers,Gabe Vincent,1629216,G,gabe vincent,,,,,,,,
Los Angeles Lakers,Bronny James,1642355,G,bronny james,83.0,2024.0,Bronny James,6' 1.50'',210.4,WING,89.5,77.90%
Los Angeles Lakers,Christian Koloko,1631132,C,christian koloko,214.0,2022.0,Christian Koloko,6' 10.75'',221.0,BIG,83.99,23.60%
Los Angeles Lakers,Jaxson Hayes,1629637,C-F,jaxson hayes,372.0,2019.0,Jaxson Hayes,6' 10.25'',218.6,BIG,81.12,13.80%
Los Angeles Lakers,Maxi Kleber,1628467,F,maxi kleber,,,,,,,,
Los Angeles Lakers,Austin Reaves,1630559,G,austin reaves,262.0,2021.0,Austin Reaves,6'4.5'',197.2,WING,71.35,5.00%
Los Angeles Lakers,Dorian Finney-Smith,1627827,F,dorian finney smith,525.0,2016.0,Dorian Finney-Smith,6' 6.5'',212.6,WING,91.11,83.70%
Los Angeles Lakers,Shake Milton,1629003,G,shake milton,453.0,2018.0,Shake Milton,6' 4.5'',207.2,COMBO G,84.07,70.90%
Los Angeles Lakers,LeBron James,2544,F,lebron james,,,,,,,,
Los Angeles Lakers,Alex Len,203458,C,alex len,,,,,,,,
Los Angeles Lakers,Rui Hachimura,1629060,F,rui hachimura,,,,,,,,
Los Angeles Lakers,Jordan Goodwin,1630692,G,jordan goodwin,,,,,,,,
Los Angeles Lakers,Trey Jemison III,1641998,C,trey jemison iii,,,,,,,,
Los Angeles Lakers,Luka Dončić,1629029,F-G,luka doncic,,,,,,,,
Los Angeles Lakers,Markieff Morris,202693,F,markieff morris,,,,,,,,
Miami Heat,Isaiah Stevens,1641815,G,isaiah stevens,,,,,,,,
Miami Heat,Terry Rozier,1626179,G,terry rozier,595.0,2015.0,Terry Rozier,6' 0.5'',190.2,COMBO G,84.77,73.90%
Miami Heat,Nikola Jović,1631107,F,nikola jovic,,,,,,,,
Miami Heat,Kel'el Ware,1642276,C,kel el ware,115.0,2024.0,Kel'el Ware,6' 11.75'',230.0,BIG,96.9,83.20%
Miami Heat,Josh Christopher,1630528,G,josh christopher,283.0,2021.0,Josh Christopher,6'3.25'',214.8,WING,85.56,59.80%
Miami Heat,Pelle Larsson,1641796,G,pelle larsson,131.0,2024.0,Pelle Larsson,6' 5.25'',212.4,WING,86.95,66.70%
Miami Heat,Jaime Jaquez Jr.,1631170,G,jaime jaquez jr,173.0,2023.0,Jaime Jaquez Jr.,6' 6.00'',226.4,WING,100.28,98.60%
Miami Heat,Dru Smith,1630696,G,dru smith,,,,,,,,
Miami Heat,Bam Adebayo,1628389,C-F,bam adebayo,,,,,,,,
Miami Heat,Tyler Herro,1629639,G,tyler herro,,,,,,,,
Miami Heat,Keshad Johnson,1642352,F,keshad johnson,116.0,2024.0,Keshad Johnson,6' 6.25'',224.0,BIG,92.79,66.50%
Miami Heat,Alec Burks,202692,G,alec burks,755.0,2011.0,Alec Burks,6' 5'',192.6,WING,77.76,21.50%
Miami Heat,Kyle Anderson,203937,F-G,kyle anderson,,,,,,,,
Miami Heat,Andrew Wiggins,203952,F,andrew wiggins,,,,,,,,
Miami Heat,Haywood Highsmith,1629312,F,haywood highsmith,,,,,,,,
Miami Heat,Kevin Love,201567,F-C,kevin love,930.0,2008.0,Kevin Love,6' 7.75'',255.0,BIG,97.69,85.60%
Miami Heat,Davion Mitchell,1630558,G,davion mitchell,,,,,,,,
Miami Heat,Duncan Robinson,1629130,F,duncan robinson,,,,,,,,
Milwaukee Bucks,Damian Lillard,203081,G,damian lillard,707.0,2012.0,Damian Lillard,6' 1.75'',188.8,PG,87.03,95.00%
Milwaukee Bucks,Jericho Sims,1630579,C,jericho sims,279.0,2021.0,Jericho Sims,6'9.0'',250.2,BIG,114.99,100.00%
Milwaukee Bucks,Kevin Porter Jr.,1629645,G-F,kevin porter jr,377.0,2019.0,Kevin Porter Jr.,6' 4'',212.6,WING,79.55,29.10%
Milwaukee Bucks,Gary Trent Jr.,1629018,G,gary trent jr,,,,,,,,
Milwaukee Bucks,Chris Livingston,1641753,F,chris livingston,162.0,2023.0,Chris Livingston,6' 6.00'',219.2,WING,89.05,76.10%
Milwaukee Bucks,Bobby Portis,1626171,F,bobby portis,561.0,2015.0,Bobby Portis,6' 9.5'',246.2,BIG,83.85,23.10%
Milwaukee Bucks,Brook Lopez,201572,C,brook lopez,897.0,2008.0,Brook Lopez,6' 11.25'',258.0,BIG,93.36,69.20%
Milwaukee Bucks,Taurean Prince,1627752,F,taurean prince,552.0,2016.0,Taurean Prince,6' 6.5'',220.2,WING,96.9,96.00%
Milwaukee Bucks,Ryan Rollins,1631157,G,ryan rollins,252.0,2022.0,Ryan Rollins,6' 2.00'',179.2,WING,76.5,17.00%
Milwaukee Bucks,Jamaree Bouyea,1631123,G,jamaree bouyea,,,,,,,,
Milwaukee Bucks,Stanley Umude,1630649,G,stanley umude,,,,,,,,
Milwaukee Bucks,Kyle Kuzma,1628398,F,kyle kuzma,494.0,2017.0,Kyle Kuzma,6' 8'',222.6,WING,82.29,42.50%
Milwaukee Bucks,AJ Green,1631260,G,aj green,,,,,,,,
Milwaukee Bucks,Tyler Smith,1641890,F,tyler smith,146.0,2024.0,Tyler Smith,6' 9.00'',223.8,BIG,93.77,71.00%
Milwaukee Bucks,Tyler Smith,1641890,F,tyler smith,890.0,2009.0,Tyler Smith,6' 5.25'',212.0,WING,83.57,49.30%
Milwaukee Bucks,Pat Connaughton,1626192,G,pat connaughton,585.0,2015.0,Pat Connaughton,6' 4'',215.0,WING,102.79,99.40%
Milwaukee Bucks,Giannis Antetokounmpo,203507,F,giannis antetokounmpo,,,,,,,,
Milwaukee Bucks,Pete Nance,1631250,F,pete nance,,,,,,,,
Milwaukee Bucks,Andre Jackson Jr.,1641748,G,andre jackson jr,154.0,2023.0,Andre Jackson Jr.,6' 5.50'',198.4,WING,82.51,43.70%
Minnesota Timberwolves,Donte DiVincenzo,1628978,G,donte divincenzo,424.0,2018.0,Donte DiVincenzo,6' 3.5'',200.6,WING,91.26,84.20%
Minnesota Timberwolves,Terrence Shannon Jr.,1630545,G-F,terrence shannon jr,202.0,2023.0,Terrence Shannon Jr.,6' 5.50'',220.0,WING,92.61,88.20%
Minnesota Timberwolves,Terrence Shannon Jr.,1630545,G-F,terrence shannon jr,308.0,2021.0,Terrence Shannon Jr.,6'5.5'',206.6,WING,89.23,76.90%
Minnesota Timberwolves,Jaden McDaniels,1630183,F,jaden mcdaniels,,,,,,,,
Minnesota Timberwolves,Rob Dillingham,1642265,G,rob dillingham,,,,,,,,
Minnesota Timberwolves,Anthony Edwards,1630162,G,anthony edwards,,,,,,,,
Minnesota Timberwolves,Joe Ingles,204060,F-G,joe ingles,874.0,2009.0,Joe Ingles,6' 7.75'',209.2,WING,76.36,16.50%
Minnesota Timberwolves,Josh Minott,1631169,F,josh minott,,,,,,,,
Minnesota Timberwolves,Nickeil Alexander-Walker,1629638,G,nickeil alexander walker,,,,,,,,
Minnesota Timberwolves,Mike Conley,201144,G,mike conley,1013.0,2007.0,Mike Conley,5' 11'',175.0,PG,83.92,87.40%
Minnesota Timberwolves,Naz Reid,1629675,C-F,naz reid,390.0,2019.0,Naz Reid,6' 8.75'',255.8,BIG,88.94,47.00%
Minnesota Timberwolves,Tristen Newton,1641803,G,tristen newton,144.0,2024.0,Tristen Newton,6' 3.25'',191.8,PG,69.94,14.30%
Minnesota Timberwolves,Jesse Edwards,1642399,C,jesse edwards,109.0,2024.0,Jesse Edwards,6' 11.50'',236.0,BIG,94.12,72.50%
Minnesota Timberwolves,Jaylen Clark,1641740,G,jaylen clark,,,,,,,,
Minnesota Timberwolves,Rudy Gobert,203497,C,rudy gobert,688.0,2013.0,Rudy Gobert,7' 0.5'',237.6,BIG,81.6,15.20%
Minnesota Timberwolves,Julius Randle,203944,F-C,julius randle,627.0,2014.0,Julius Randle,6' 7.75'',249.7,BIG,94.81,75.50%
Minnesota Timberwolves,Leonard Miller,1631159,F,leonard miller,186.0,2023.0,Leonard Miller,6' 9.25'',212.8,BIG,90.1,53.10%
Minnesota Timberwolves,Leonard Miller,1631159,F,leonard miller,240.0,2022.0,Leonard Miller,6' 8.50'',211.0,WING,85.32,58.50%
Minnesota Timberwolves,Luka Garza,1630568,C,luka garza,290.0,2021.0,Luka Garza,6'10.0'',242.8,BIG,80.55,12.20%
Minnesota Timberwolves,Bones Hyland,1630538,G,bones hyland,,,,,,,,
Brooklyn Nets,Dariq Whitehead,1641727,G-F,dariq whitehead,,,,,,,,
Brooklyn Nets,D'Angelo Russell,1626156,G,d angelo russell,,,,,,,,
Brooklyn Nets,Cameron Johnson,1629661,F,cameron johnson,353.0,2019.0,Cameron Johnson,6' 7'',205.2,WING,84.54,54.40%
Brooklyn Nets,Reece Beekman,1641736,G,reece beekman,134.0,2024.0,Reece Beekman,6' 1.25'',196.4,PG,80.96,75.10%
Brooklyn Nets,Reece Beekman,1641736,G,reece beekman,195.0,2023.0,Reece Beekman,6' 1.50'',190.6,PG,80.12,70.70%
Brooklyn Nets,Ziaire Williams,1630533,F,ziaire williams,312.0,2021.0,Ziaire Williams,6'8.25'',188.4,WING,85.88,61.40%
Brooklyn Nets,Trendon Watford,1630570,G-F,trendon watford,309.0,2021.0,Trendon Watford,6'7.5'',237.4,BIG,88.73,46.00%
Brooklyn Nets,Tyson Etienne,1630623,G,tyson etienne,,,,,,,,
Brooklyn Nets,Tosan Evbuomwan,1641787,F,tosan evbuomwan,,,,,,,,
Brooklyn Nets,Tyrese Martin,1631213,F,tyrese martin,,,,,,,,
Brooklyn Nets,De'Anthony Melton,1629001,G,de anthony melton,,,,,,,,
Brooklyn Nets,Day'Ron Sharpe,1630549,C,day ron sharpe,,,,,,,,
Brooklyn Nets,Noah Clowney,1641730,F-C,noah clowney,,,,,,,,
Brooklyn Nets,Jalen Wilson,1630592,F,jalen wilson,176.0,2023.0,Jalen Wilson,6' 5.50'',230.2,WING,94.72,92.80%
Brooklyn Nets,Cam Thomas,1630560,G,cam thomas,,,,,,,,
Brooklyn Nets,Drew Timme,1631166,F,drew timme,167.0,2023.0,Drew Timme,6' 8.75'',243.2,BIG,85.5,30.10%
Brooklyn Nets,Drew Timme,1631166,F,drew timme,219.0,2022.0,Drew Timme,6' 8.25'',231.6,BIG,81.28,14.20%
Brooklyn Nets,Maxwell Lewis,1641721,F,maxwell lewis,188.0,2023.0,Maxwell Lewis,6' 6.25'',207.2,WING,89.37,77.40%
Brooklyn Nets,Nic Claxton,1629651,C,nic claxton,,,,,,,,
Brooklyn Nets,Keon Johnson,1630553,G,keon johnson,288.0,2021.0,Keon Johnson,6'3.5'',184.8,WING,98.48,97.50%
New York Knicks,P.J. Tucker,200782,F,p j tucker,,,,,,,,
New York Knicks,Delon Wright,1626153,G,delon wright,569.0,2015.0,Delon Wright,6' 4.25'',181.4,PG,75.33,41.50%
New York Knicks,MarJon Beauchamp,1630699,F,marjon beauchamp,,,,,,,,
New York Knicks,Cameron Payne,1626166,G,cameron payne,564.0,2015.0,Cameron Payne,6' 0.75'',182.8,PG,76.32,47.70%
New York Knicks,Miles McBride,1630540,G,miles mcbride,297.0,2021.0,Miles McBride,6'1.0'',195.2,PG,82.56,82.40%
New York Knicks,Josh Hart,1628404,G,josh hart,487.0,2017.0,Josh Hart,6' 3.75'',209.2,WING,79.66,29.60%
New York Knicks,Josh Hart,1628404,G,josh hart,534.0,2016.0,Josh Hart,6' 4'',203.6,WING,82.15,41.80%
New York Knicks,Pacôme Dadiet,1642359,F,pacome dadiet,129.0,2024.0,Pacome Dadiet,6' 7.75'',216.8,WING,85.07,57.20%
New York Knicks,Precious Achiuwa,1630173,F,precious achiuwa,,,,,,,,
New York Knicks,OG Anunoby,1628384,F-G,og anunoby,,,,,,,,
New York Knicks,Kevin McCullar Jr.,1641755,G,kevin mccullar jr,,,,,,,,
New York Knicks,Jalen Brunson,1628973,G,jalen brunson,430.0,2018.0,Jalen Brunson,6' 1'',198.4,PG,79.59,67.70%
New York Knicks,Tyler Kolek,1642278,G,tyler kolek,145.0,2024.0,Tyler Kolek,6' 1.25'',196.6,PG,75.1,40.10%
New York Knicks,Mitchell Robinson,1629011,C-F,mitchell robinson,,,,,,,,
New York Knicks,Mikal Bridges,1628969,G-F,mikal bridges,,,,,,,,
New York Knicks,Anton Watson,1641817,F,anton watson,,,,,,,,
New York Knicks,Karl-Anthony Towns,1626157,C-F,karl anthony towns,,,,,,,,
New York Knicks,Landry Shamet,1629013,G,landry shamet,443.0,2018.0,Landry Shamet,6' 4'',188.6,PG,80.41,72.30%
New York Knicks,Ariel Hukporti,1630574,C,ariel hukporti,261.0,2021.0,Ariel Hukporti,6'10.75'',246.0,BIG,82.63,18.50%
Orlando Magic,Anthony Black,1641710,G,anthony black,155.0,2023.0,Anthony Black,6' 5.75'',210.0,PG,89.32,97.70%
Orlando Magic,Jonathan Isaac,1628371,F,jonathan isaac,,,,,,,,
Orlando Magic,Caleb Houstan,1631216,G,caleb houstan,,,,,,,,
Orlando Magic,Desmond Bane,1630217,G,desmond bane,,,,,,,,
Orlando Magic,Jalen Suggs,1630591,G,jalen suggs,,,,,,,,
Orlando Magic,Paolo Banchero,1631094,F,paolo banchero,,,,,,,,
Orlando Magic,Mac McClung,1630644,G,mac mcclung,,,,,,,,
Orlando Magic,Cory Joseph,202709,G,cory joseph,761.0,2011.0,Cory Joseph,6' 2'',186.2,PG,73.18,29.00%
Orlando Magic,Trevelin Queen,1630243,G,trevelin queen,,,,,,,,
Orlando Magic,Jett Howard,1641724,G,jett howard,,,,,,,,
Orlando Magic,Gary Harris,203914,G,gary harris,,,,,,,,
Orlando Magic,Moritz Wagner,1629021,F-C,moritz wagner,447.0,2018.0,Moritz Wagner,6' 10.5'',241.4,BIG,87.5,39.70%
Orlando Magic,Moritz Wagner,1629021,F-C,moritz wagner,497.0,2017.0,Moritz Wagner,6' 10'',231.2,BIG,81.16,13.90%
Orlando Magic,Franz Wagner,1630532,F,franz wagner,,,,,,,,
Orlando Magic,Tristan da Silva,1641783,F,tristan da silva,143.0,2024.0,Tristan Da Silva,6' 8.25'',216.8,BIG,83.86,23.10%
Orlando Magic,Wendell Carter Jr.,1628976,C-F,wendell carter jr,,,,,,,,
Orlando Magic,Goga Bitadze,1629048,C-F,goga bitadze,,,,,,,,
Orlando Magic,Ethan Thompson,1630679,G,ethan thompson,,,,,,,,
Indiana Pacers,Tyrese Haliburton,1630169,G,tyrese haliburton,,,,,,,,
Indiana Pacers,Bennedict Mathurin,1631097,G-F,bennedict mathurin,,,,,,,,
Indiana Pacers,Obi Toppin,1630167,F,obi toppin,,,,,,,,
Indiana Pacers,Andrew Nembhard,1629614,G-F,andrew nembhard,210.0,2022.0,Andrew Nembhard,6' 3.00'',195.6,PG,73.89,32.90%
Indiana Pacers,Thomas Bryant,1628418,C-F,thomas bryant,508.0,2017.0,Thomas Bryant,6' 9.5'',247.8,BIG,85.56,30.40%
Indiana Pacers,Jarace Walker,1641716,F,jarace walker,177.0,2023.0,Jarace Walker,6' 6.50'',248.6,BIG,108.14,99.20%
Indiana Pacers,Enrique Freeman,1642402,F,enrique freeman,95.0,2024.0,Enrique Freeman,6' 7.25'',212.0,BIG,86.65,35.50%
Indiana Pacers,T.J. McConnell,204456,G,t j mcconnell,,,,,,,,
Indiana Pacers,RayJ Dennis,1642484,G,rayj dennis,,,,,,,,
Indiana Pacers,Johnny Furphy,1642277,G,johnny furphy,110.0,2024.0,Johnny Furphy,6' 7.50'',188.8,WING,70.04,3.50%
Indiana Pacers,Tony Bradley,1628396,C-F,tony bradley,510.0,2017.0,Tony Bradley,6' 9.25'',248.8,BIG,83.26,20.80%
Indiana Pacers,James Johnson,201949,F,james johnson,867.0,2009.0,James Johnson,6' 7'',257.2,COMBO F,100.89,96.90%
Indiana Pacers,Isaiah Jackson,1630543,F,isaiah jackson,,,,,,,,
Indiana Pacers,Aaron Nesmith,1630174,G-F,aaron nesmith,,,,,,,,
Indiana Pacers,Ben Sheppard,1641767,G,ben sheppard,158.0,2023.0,Ben Sheppard,6' 5.25'',194.6,WING,79.32,28.00%
Indiana Pacers,Quenton Jackson,1631245,G,quenton jackson,,,,,,,,
Indiana Pacers,Myles Turner,1626167,C-F,myles turner,,,,,,,,
Indiana Pacers,Pascal Siakam,1627783,F,pascal siakam,547.0,2016.0,Pascal Siakam,6' 8.25'',226.6,BIG,91.29,59.20%
Philadelphia 76ers,Tyrese Maxey,1630178,G,tyrese maxey,,,,,,,,
Philadelphia 76ers,Andre Drummond,203083,C,andre drummond,701.0,2012.0,Andre Drummond,6' 9.75'',278.6,BIG,110.34,99.70%
Philadelphia 76ers,Quentin Grimes,1629656,G,quentin grimes,302.0,2021.0,Quentin Grimes,6'4.0'',205.0,WING,84.62,54.90%
Philadelphia 76ers,Quentin Grimes,1629656,G,quentin grimes,394.0,2019.0,Quentin Grimes,6' 4'',209.6,WING,79.78,30.10%
Philadelphia 76ers,Kyle Lowry,200768,G,kyle lowry,,,,,,,,
Philadelphia 76ers,Paul George,202331,F,paul george,,,,,,,,
Philadelphia 76ers,Kelly Oubre Jr.,1626162,F-G,kelly oubre jr,,,,,,,,
Philadelphia 76ers,Jeff Dowtin Jr.,1630288,G,jeff dowtin jr,,,,,,,,
Philadelphia 76ers,Jared Butler,1630215,G,jared butler,,,,,,,,
Philadelphia 76ers,Ricky Council IV,1641741,G,ricky council iv,196.0,2023.0,Ricky Council IV,6' 5.00'',208.0,WING,85.55,59.70%
Philadelphia 76ers,Lonnie Walker IV,1629022,G-F,lonnie walker iv,,,,,,,,
Philadelphia 76ers,Jalen Hood-Schifino,1641720,G,jalen hood schifino,,,,,,,,
Philadelphia 76ers,Justin Edwards,1642348,F,justin edwards,114.0,2024.0,Justin Edwards,6' 6.00'',209.4,WING,80.62,34.10%
Philadelphia 76ers,Jared McCain,1642272,G,jared mccain,105.0,2024.0,Jared McCain,6' 2.00'',203.2,WING,73.93,9.70%
Philadelphia 76ers,Joel Embiid,203954,C-F,joel embiid,,,,,,,,
Philadelphia 76ers,Eric Gordon,201569,G,eric gordon,913.0,2008.0,Eric Gordon,6' 2'',222.0,WING,93.27,89.80%
Philadelphia 76ers,Guerschon Yabusele,1627824,F,guerschon yabusele,,,,,,,,
Philadelphia 76ers,Adem Bona,1641737,F,adem bona,74.0,2024.0,Adem Bona,6' 8.25'',243.2,BIG,107.43,99.00%
Philadelphia 76ers,Alex Reese,1642024,F-C,alex reese,,,,,,,,
Phoenix Suns,Royce O'Neale,1626220,F,royce o neale,,,,,,,,
Phoenix Suns,Ryan Dunn,1642346,F,ryan dunn,137.0,2024.0,Ryan Dunn,6' 6.25'',213.6,BIG,90.38,54.50%
Phoenix Suns,Devin Booker,1626164,G,devin booker,570.0,2015.0,Devin Booker,6' 4.5'',205.8,WING,78.69,25.30%
Phoenix Suns,Nick Richards,1630208,C,nick richards,335.0,2020.0,Nick Richards,6'10.50'',241.6,BIG,94.74,75.20%
Phoenix Suns,Bradley Beal,203078,G,bradley beal,706.0,2012.0,Bradley Beal,6' 3.25'',201.8,WING,88.65,74.50%
Phoenix Suns,Oso Ighodaro,1642345,F,oso ighodaro,128.0,2024.0,Oso Ighodaro,6' 9.50'',222.0,BIG,99.74,90.80%
Phoenix Suns,Grayson Allen,1628960,G,grayson allen,427.0,2018.0,Grayson Allen,6' 3'',198.0,WING,86.39,64.00%
Phoenix Suns,Damion Lee,1627814,G-F,damion lee,,,,,,,,
Phoenix Suns,Bol Bol,1629626,C-F,bol bol,,,,,,,,
Phoenix Suns,Collin Gillespie,1631221,G,collin gillespie,215.0,2022.0,Collin Gillespie,6' 1.50'',195.8,PG,73.94,33.20%
Phoenix Suns,TyTy Washington Jr.,1631102,G,tyty washington jr,,,,,,,,
Phoenix Suns,Jalen Bridges,1641779,F,jalen bridges,102.0,2024.0,Jalen Bridges,6' 6.75'',213.4,WING,75.49,13.80%
Phoenix Suns,Cody Martin,1628998,F,cody martin,357.0,2019.0,Cody Martin,6' 4.75'',192.2,COMBO G,75.71,30.10%
Phoenix Suns,Cody Martin,1628998,F,cody martin,420.0,2018.0,Cody Martin,6' 4.75'',188.6,WING,76.6,17.30%
Phoenix Suns,Vasilije Micic,203995,G,vasilije micic,,,,,,,,
Phoenix Suns,Tyus Jones,1626145,G,tyus jones,599.0,2015.0,Tyus Jones,6' 0.5'',184.6,PG,70.83,17.70%
Phoenix Suns,Mason Plumlee,203486,F-C,mason plumlee,676.0,2013.0,Mason Plumlee,6' 11.25'',238.2,BIG,94.91,75.90%
Phoenix Suns,Monté Morris,1628420,G,monte morris,496.0,2017.0,Monte Morris,6' 1.25'',175.2,PG,70.9,18.00%
Phoenix Suns,Kevin Durant,201142,F,kevin durant,1008.0,2007.0,Kevin Durant,6' 9'',215.0,COMBO F,77.99,10.00%
Portland Trail Blazers,Scoot Henderson,1630703,G,scoot henderson,,,,,,,,
Portland Trail Blazers,Anfernee Simons,1629014,G,anfernee simons,410.0,2018.0,Anfernee Simons,6' 2.25'',183.2,COMBO G,80.5,53.70%
Portland Trail Blazers,Deandre Ayton,1629028,C,deandre ayton,,,,,,,,
Portland Trail Blazers,Matisse Thybulle,1629680,G-F,matisse thybulle,,,,,,,,
Portland Trail Blazers,Dalano Banton,1630625,F,dalano banton,,,,,,,,
Portland Trail Blazers,Deni Avdija,1630166,F,deni avdija,,,,,,,,
Portland Trail Blazers,Jerami Grant,203924,F,jerami grant,,,,,,,,
Portland Trail Blazers,Justin Minaya,1631303,F,justin minaya,,,,,,,,
Portland Trail Blazers,Bryce McGowens,1631121,G,bryce mcgowens,212.0,2022.0,Bryce McGowens,6' 5.25'',181.2,WING,75.29,13.20%
Portland Trail Blazers,Shaedon Sharpe,1631101,G,shaedon sharpe,,,,,,,,
Portland Trail Blazers,Rayan Rupert,1641712,G-F,rayan rupert,194.0,2023.0,Rayan Rupert,6' 6.00'',193.2,WING,74.99,12.40%
Portland Trail Blazers,Donovan Clingan,1642270,C,donovan clingan,94.0,2024.0,Donovan Clingan,7' 1.75'',282.0,BIG,94.5,74.20%
Portland Trail Blazers,Kris Murray,1631200,F,kris murray,185.0,2023.0,Kris Murray,6' 7.75'',212.8,BIG,84.85,27.20%
Portland Trail Blazers,Sidy Cissoko,1631321,G,sidy cissoko,199.0,2023.0,Sidy Cissoko,6' 5.50'',223.8,WING,90.48,81.60%
Portland Trail Blazers,Duop Reath,1641871,C,duop reath,,,,,,,,
Portland Trail Blazers,Toumani Camara,1641739,F,toumani camara,203.0,2023.0,Toumani Camara,6' 7.00'',220.4,BIG,84.95,27.70%
Portland Trail Blazers,Jabari Walker,1631133,F,jabari walker,226.0,2022.0,Jabari Walker,6' 6.75'',213.8,BIG,85.17,28.60%
Portland Trail Blazers,Robert Williams III,1629057,C-F,robert williams iii,,,,,,,,
Sacramento Kings,Malik Monk,1628370,G,malik monk,,,,,,,,
Sacramento Kings,Terence Davis,1629056,G,terence davis,402.0,2019.0,Terence Davis,6' 3'',192.4,WING,78.72,25.40%
Sacramento Kings,Isaac Jones,1642403,F,isaac jones,98.0,2024.0,Isaac Jones,6' 7.75'',235.0,BIG,90.38,54.50%
Sacramento Kings,Doug McDermott,203926,F,doug mcdermott,614.0,2014.0,Doug McDermott,6' 6.25'',218.0,WING,84.32,53.30%
Sacramento Kings,Zach LaVine,203897,G,zach lavine,648.0,2014.0,Zach LaVine,6' 4.5'',180.9,PG,82.42,81.80%
Sacramento Kings,DeMar DeRozan,201942,G-F,demar derozan,859.0,2009.0,DeMar DeRozan,6' 5.5'',211.2,WING,83.39,48.40%
Sacramento Kings,Domantas Sabonis,1627734,F-C,domantas sabonis,,,,,,,,
Sacramento Kings,Keegan Murray,1631099,F,keegan murray,,,,,,,,
Sacramento Kings,Mason Jones,1630222,G,mason jones,332.0,2020.0,Mason Jones,6'3.75'',207.2,WING,71.85,5.80%
Sacramento Kings,Jonas Valančiūnas,202685,C,jonas valanciunas,,,,,,,,
Sacramento Kings,Markelle Fultz,1628365,G,markelle fultz,,,,,,,,
Sacramento Kings,Devin Carter,1642269,G,devin carter,92.0,2024.0,Devin Carter,6' 2.25'',193.0,WING,89.51,78.00%
Sacramento Kings,Keon Ellis,1631165,G,keon ellis,238.0,2022.0,Keon Ellis,6' 3.50'',167.4,WING,68.69,2.30%
Sacramento Kings,Isaiah Crawford,1642384,F,isaiah crawford,,,,,,,,
Sacramento Kings,Jake LaRavia,1631222,F,jake laravia,227.0,2022.0,Jake LaRavia,6' 6.75'',227.2,BIG,84.71,26.60%
Sacramento Kings,Trey Lyles,1626168,F,trey lyles,,,,,,,,
Sacramento Kings,Jae Crowder,203109,F,jae crowder,719.0,2012.0,Jae Crowder,6' 4.75'',241.2,WING,97.1,96.20%
San Antonio Spurs,Keldon Johnson,1629640,F-G,keldon johnson,,,,,,,,
San Antonio Spurs,Victor Wembanyama,1641705,F-C,victor wembanyama,,,,,,,,
San Antonio Spurs,Chris Paul,101108,G,chris paul,1124.0,2005.0,Chris Paul,5' 11.75'',178.0,PG,78.83,63.30%
San Antonio Spurs,De'Aaron Fox,1628368,G,de aaron fox,,,,,,,,
San Antonio Spurs,Stephon Castle,1642264,G,stephon castle,138.0,2024.0,Stephon Castle,6' 5.50'',210.0,WING,81.97,40.90%
San Antonio Spurs,David Duke Jr.,1630561,G,david duke jr,268.0,2021.0,David Duke Jr.,6'4.25'',203.6,WING,83.21,47.40%
San Antonio Spurs,Jeremy Sochan,1631110,F,jeremy sochan,,,,,,,,
San Antonio Spurs,Jordan McLaughlin,1629162,G,jordan mclaughlin,,,,,,,,
San Antonio Spurs,Blake Wesley,1631104,G,blake wesley,211.0,2022.0,Blake Wesley,6' 3.00'',187.2,WING,78.11,22.90%
San Antonio Spurs,Bismack Biyombo,202687,C,bismack biyombo,,,,,,,,
San Antonio Spurs,Malaki Branham,1631103,F,malaki branham,241.0,2022.0,Malaki Branham,6' 4.00'',194.8,WING,78.43,24.20%
San Antonio Spurs,Devin Vassell,1630170,G-F,devin vassell,,,,,,,,
San Antonio Spurs,Riley Minix,1642434,F,riley minix,,,,,,,,
San Antonio Spurs,Charles Bassey,1629646,C-F,charles bassey,265.0,2021.0,Charles Bassey,6'9.25'',230.2,BIG,98.11,86.80%
San Antonio Spurs,Charles Bassey,1629646,C-F,charles bassey,355.0,2019.0,Charles Bassey,6' 8.75'',239.0,BIG,91.54,60.40%
San Antonio Spurs,Julian Champagnie,1630577,F,julian champagnie,234.0,2022.0,Julian Champagnie,6' 6.25'',212.4,WING,82.7,44.70%
San Antonio Spurs,Julian Champagnie,1630577,F,julian champagnie,286.0,2021.0,Julian Champagnie,6'6.5'',217.4,WING,78.67,25.20%
San Antonio Spurs,Harrison Barnes,203084,F,harrison barnes,715.0,2012.0,Harrison Barnes,6' 7'',227.8,WING,108.67,100.00%
San Antonio Spurs,Sandro Mamukelashvili,1630572,F-C,sandro mamukelashvili,305.0,2021.0,Sandro Mamukelashvili,6'9.0'',239.8,BIG,95.43,77.90%
San Antonio Spurs,Harrison Ingram,1631127,F,harrison ingram,96.0,2024.0,Harrison Ingram,6' 5.25'',233.6,WING,90.0,79.90%
San Antonio Spurs,Harrison Ingram,1631127,F,harrison ingram,223.0,2022.0,Harrison Ingram,6' 5.25'',232.8,WING,90.95,83.20%
Oklahoma City Thunder,Shai Gilgeous-Alexander,1628983,G,shai gilgeous alexander,,,,,,,,
Oklahoma City Thunder,Dillon Jones,1641794,F,dillon jones,93.0,2024.0,Dillon Jones,6' 4.50'',236.8,WING,85.03,57.00%
Oklahoma City Thunder,Luguentz Dort,1629652,G,luguentz dort,383.0,2019.0,Luguentz Dort,6' 2.75'',222.2,PG,94.43,99.80%
Oklahoma City Thunder,Jaylin Williams,1631119,F,jaylin williams,229.0,2022.0,Jaylin Williams,6' 8.75'',236.6,BIG,80.25,11.40%
Oklahoma City Thunder,Chet Holmgren,1631096,C-F,chet holmgren,,,,,,,,
Oklahoma City Thunder,Jalen Williams,1631114,G-F,jalen williams,228.0,2022.0,Jalen Williams,6' 4.50'',209.2,WING,92.12,86.80%
Oklahoma City Thunder,Alex Caruso,1627936,G,alex caruso,,,,,,,,
Oklahoma City Thunder,Isaiah Joe,1630198,G,isaiah joe,,,,,,,,
Oklahoma City Thunder,Ousmane Dieng,1631172,F,ousmane dieng,,,,,,,,
Oklahoma City Thunder,Adam Flagler,1641745,G,adam flagler,151.0,2023.0,Adam Flagler,6' 1.00'',191.8,PG,81.44,77.50%
Oklahoma City Thunder,Branden Carlson,1642382,C,branden carlson,,,,,,,,
Oklahoma City Thunder,Aaron Wiggins,1630598,G,aaron wiggins,259.0,2021.0,Aaron Wiggins,6'4.5'',190.0,WING,77.94,22.20%
Oklahoma City Thunder,Cason Wallace,1641717,G,cason wallace,161.0,2023.0,Cason Wallace,6' 2.50'',195.2,PG,76.66,49.90%
Oklahoma City Thunder,Ajay Mitchell,1642349,G,ajay mitchell,76.0,2024.0,Ajay Mitchell,6' 3.25'',197.0,PG,77.21,53.40%
Oklahoma City Thunder,Kenrich Williams,1629026,G-F,kenrich williams,437.0,2018.0,Kenrich Williams,6' 6'',200.4,WING,78.14,23.00%
Oklahoma City Thunder,Nikola Topić,1642260,G,nikola topic,,,,,,,,
Oklahoma City Thunder,Isaiah Hartenstein,1628392,C-F,isaiah hartenstein,,,,,,,,
Oklahoma City Thunder,Alex Ducas,1642505,G,alex ducas,,,,,,,,
Toronto Raptors,A.J. Lawson,1630639,G,a j lawson,,,,,,,,
Toronto Raptors,Gradey Dick,1641711,G-F,gradey dick,170.0,2023.0,Gradey Dick,6' 6.25'',204.0,WING,81.15,36.70%
Toronto Raptors,Jonathan Mogbo,1642367,F,jonathan mogbo,111.0,2024.0,Jonathan Mogbo,6' 6.25'',217.2,BIG,90.6,55.60%
Toronto Raptors,Brandon Ingram,1627742,F,brandon ingram,,,,,,,,
Toronto Raptors,Scottie Barnes,1630567,F-G,scottie barnes,306.0,2021.0,Scottie Barnes,6'7.0'',225.4,WING,103.29,99.50%
Toronto Raptors,Immanuel Quickley,1630193,G,immanuel quickley,319.0,2020.0,Immanuel Quickley,6'2.00'',185.8,WING,76.69,17.60%
Toronto Raptors,Jared Rhoden,1631197,G,jared rhoden,,,,,,,,
Toronto Raptors,RJ Barrett,1629628,F-G,rj barrett,,,,,,,,
Toronto Raptors,Colin Castleton,1630658,C,colin castleton,,,,,,,,
Toronto Raptors,Ja'Kobe Walter,1642266,G,ja kobe walter,101.0,2024.0,Ja'Kobe Walter,6' 4.25'',197.6,WING,82.23,42.20%
Toronto Raptors,Garrett Temple,202066,G-F,garrett temple,,,,,,,,
Toronto Raptors,Jakob Poeltl,1627751,C,jakob poeltl,,,,,,,,
Toronto Raptors,Ulrich Chomche,1642279,C,ulrich chomche,147.0,2024.0,Ulrich Chomche,6' 10.25'',232.4,BIG,89.61,50.50%
Toronto Raptors,Jamal Shead,1642347,G,jamal shead,103.0,2024.0,Jamal Shead,6' 0.25'',200.8,PG,82.34,81.50%
Toronto Raptors,Chris Boucher,1628449,F,chris boucher,,,,,,,,
Toronto Raptors,Ochai Agbaji,1630534,G,ochai agbaji,247.0,2022.0,Ochai Agbaji,6' 4.50'',216.8,WING,91.56,85.20%
Toronto Raptors,Ochai Agbaji,1630534,G,ochai agbaji,301.0,2021.0,Ochai Agbaji,6'4.5'',214.4,WING,90.82,82.80%
Toronto Raptors,Jamison Battle,1642419,F,jamison battle,,,,,,,,
Utah Jazz,Jordan Clarkson,203903,G,jordan clarkson,625.0,2014.0,Jordan Clarkson,6' 3.25'',186.3,PG,83.35,85.50%
Utah Jazz,Taylor Hendricks,1641707,F,taylor hendricks,200.0,2023.0,Taylor Hendricks,6' 8.25'',213.6,BIG,91.48,60.10%
Utah Jazz,Collin Sexton,1629012,G,collin sexton,,,,,,,,
Utah Jazz,Keyonte George,1641718,G,keyonte george,,,,,,,,
Utah Jazz,Cody Williams,1642262,F,cody williams,87.0,2024.0,Cody Williams,6' 6.50'',178.4,WING,77.03,18.80%
Utah Jazz,Jaden Springer,1630531,G,jaden springer,276.0,2021.0,Jaden Springer,6'3.0'',202.0,WING,91.75,85.70%
Utah Jazz,Isaiah Collier,1642268,G,isaiah collier,99.0,2024.0,Isaiah Collier,6' 2.50'',204.6,PG,83.41,85.70%
Utah Jazz,Elijah Harkless,1641989,G,elijah harkless,,,,,,,,
Utah Jazz,Svi Mykhailiuk,1629004,G-F,svi mykhailiuk,506.0,2017.0,Svi Mykhailiuk,6' 6.5'',219.6,WING,81.47,38.30%
Utah Jazz,John Collins,1628381,F-C,john collins,485.0,2017.0,John Collins,6' 8.25'',225.2,BIG,96.47,81.70%
Utah Jazz,Kyle Filipowski,1642271,C,kyle filipowski,118.0,2024.0,Kyle Filipowski,6' 10.75'',229.8,BIG,84.22,24.60%
Utah Jazz,Lauri Markkanen,1628374,F-C,lauri markkanen,,,,,,,,
Utah Jazz,Walker Kessler,1631117,C,walker kessler,,,,,,,,
Utah Jazz,Micah Potter,1630695,C,micah potter,,,,,,,,
Utah Jazz,Brice Sensabaugh,1641729,F,brice sensabaugh,,,,,,,,
Utah Jazz,Johnny Juzang,1630548,G,johnny juzang,233.0,2022.0,Johnny Juzang,6' 5.25'',208.6,WING,79.35,28.20%
Utah Jazz,Johnny Juzang,1630548,G,johnny juzang,282.0,2021.0,Johnny Juzang,6'5.5'',209.0,WING,86.76,65.80%
Utah Jazz,Oscar Tshiebwe,1631131,F-C,oscar tshiebwe,193.0,2023.0,Oscar Tshiebwe,6' 7.25'',253.6,BIG,97.19,84.10%
Utah Jazz,KJ Martin,1630231,F,kj martin,,,,,,,,
Memphis Grizzlies,Zyon Pullin,1642389,G,zyon pullin,,,,,,,,
Memphis Grizzlies,Jaylen Wells,1642377,F,jaylen wells,107.0,2024.0,Jaylen Wells,6' 6.50'',206.2,WING,78.78,25.70%
Memphis Grizzlies,Scotty Pippen Jr.,1630590,G,scotty pippen jr,253.0,2022.0,Scotty Pippen Jr.,6' 0.00'',180.0,PG,76.81,50.80%
Memphis Grizzlies,Kentavious Caldwell-Pope,203484,G,kentavious caldwell pope,674.0,2013.0,Kentavious Caldwell-Pope,6' 4.5'',203.6,WING,81.1,36.50%
Memphis Grizzlies,Vince Williams Jr.,1631246,G,vince williams jr,,,,,,,,
Memphis Grizzlies,Santi Aldama,1630583,F-C,santi aldama,,,,,,,,
Memphis Grizzlies,Lamar Stevens,1630205,F,lamar stevens,329.0,2020.0,Lamar Stevens,6'5.75'',228.0,COMBO F,102.01,97.80%
Memphis Grizzlies,Luke Kennard,1628379,G,luke kennard,,,,,,,,
Memphis Grizzlies,Ja Morant,1629630,G,ja morant,,,,,,,,
Memphis Grizzlies,Jaren Jackson Jr.,1628991,F-C,jaren jackson jr,,,,,,,,
Memphis Grizzlies,Zach Edey,1641744,C,zach edey,150.0,2024.0,Zach Edey,7' 3.75'',299.0,BIG,100.45,92.30%
Memphis Grizzlies,Zach Edey,1641744,C,zach edey,207.0,2023.0,Zach Edey,7' 3.25'',306.4,BIG,102.42,95.30%
Memphis Grizzlies,Brandon Clarke,1629634,F,brandon clarke,350.0,2019.0,Brandon Clarke,6' 7.25'',207.2,WING,92.48,87.80%
Memphis Grizzlies,Yuki Kawamura,1642530,G,yuki kawamura,,,,,,,,
Memphis Grizzlies,Cam Spencer,1642285,G,cam spencer,85.0,2024.0,Cam Spencer,6' 3.00'',201.8,WING,68.48,2.20%
Memphis Grizzlies,Jay Huff,1630643,C,jay huff,,,,,,,,
Memphis Grizzlies,Marvin Bagley III,1628963,F,marvin bagley iii,,,,,,,,
Memphis Grizzlies,GG Jackson,1641713,F,gg jackson,169.0,2023.0,GG Jackson,6' 8.25'',214.4,BIG,88.55,45.00%
Memphis Grizzlies,John Konchar,1629723,G,john konchar,,,,,,,,
Memphis Grizzlies,Cole Anthony,1630175,G,cole anthony,,,,,,,,
Washington Wizards,Bilal Coulibaly,1641731,G,bilal coulibaly,,,,,,,,
Washington Wizards,Tristan Vukcevic,1641774,F,tristan vukcevic,206.0,2023.0,Tristan Vukcevic,6' 11.25'',223.4,BIG,80.15,11.20%
Washington Wizards,Colby Jones,1641732,G,colby jones,163.0,2023.0,Colby Jones,6' 4.50'',199.2,WING,82.76,45.00%
Washington Wizards,Jaylen Martin,1641798,G,jaylen martin,,,,,,,,
Washington Wizards,AJ Johnson,1642358,G,aj johnson,75.0,2024.0,AJ Johnson,6' 4.25'',167.0,WING,70.22,3.70%
Washington Wizards,Bub Carrington,1642267,G,bub carrington,,,,,,,,
Washington Wizards,Justin Champagnie,1630551,G-F,justin champagnie,287.0,2021.0,Justin Champagnie,6'5.75'',206.4,BIG,77.79,6.40%
Washington Wizards,Jordan Poole,1629673,G,jordan poole,376.0,2019.0,Jordan Poole,6' 3.5'',190.8,WING,75.34,13.30%
Washington Wizards,Saddiq Bey,1630180,G-F,saddiq bey,,,,,,,,
Washington Wizards,Malcolm Brogdon,1627763,G,malcolm brogdon,539.0,2016.0,Malcolm Brogdon,6' 3.75'',223.0,WING,90.13,80.30%
Washington Wizards,Anthony Gill,1630264,F,anthony gill,,,,,,,,
Washington Wizards,Kyshawn George,1642273,F,kyshawn george,119.0,2024.0,Kyshawn George,6' 7.00'',208.8,WING,78.42,24.20%
Washington Wizards,Alex Sarr,1642259,C,alex sarr,,,,,,,,
Washington Wizards,JT Thor,1630550,F,jt thor,285.0,2021.0,JT Thor,6'8.5'',203.0,BIG,85.83,31.60%
Washington Wizards,Richaun Holmes,1626158,F,richaun holmes,590.0,2015.0,Richaun Holmes,6' 8.25'',242.8,BIG,101.26,93.70%
Washington Wizards,Corey Kispert,1630557,F,corey kispert,266.0,2021.0,Corey Kispert,6'6.0'',223.8,WING,89.37,77.40%
Washington Wizards,Khris Middleton,203114,F,khris middleton,729.0,2012.0,Khris Middleton,6' 6.75'',216.2,WING,82.6,44.20%
Washington Wizards,Marcus Smart,203935,G,marcus smart,632.0,2014.0,Marcus Smart,6' 2'',227.2,PG,97.21,99.90%
Detroit Pistons,Jalen Duren,1631105,C,jalen duren,,,,,,,,
Detroit Pistons,Ronald Holland II,1641842,F,ronald holland ii,,,,,,,,
Detroit Pistons,Cade Cunningham,1630595,G,cade cunningham,,,,,,,,
Detroit Pistons,Malik Beasley,1627736,G,malik beasley,,,,,,,,
Detroit Pistons,Paul Reed,1630194,F,paul reed,,,,,,,,
Detroit Pistons,Tim Hardaway Jr.,203501,G-F,tim hardaway jr,693.0,2013.0,Tim Hardaway Jr.,6' 4.5'',199.4,WING,84.81,55.80%
Detroit Pistons,Ausar Thompson,1641709,G-F,ausar thompson,,,,,,,,
Detroit Pistons,Tobias Harris,202699,F,tobias harris,800.0,2011.0,Tobias Harris,6' 6.5'',222.8,COMBO F,92.36,75.60%
Detroit Pistons,Ron Harper Jr.,1631199,G-F,ron harper jr,251.0,2022.0,Ron Harper Jr.,6' 4.00'',240.4,WING,84.81,55.80%
Detroit Pistons,Dennis Schröder,203471,G,dennis schroder,661.0,2013.0,Dennis Schroder,6' 1'',164.8,PG,71.18,19.20%
Detroit Pistons,Simone Fontecchio,1631323,F,simone fontecchio,,,,,,,,
Detroit Pistons,Jaden Ivey,1631093,G,jaden ivey,,,,,,,,
Detroit Pistons,Daniss Jenkins,1642450,G,daniss jenkins,,,,,,,,
Detroit Pistons,Marcus Sasser,1631204,G,marcus sasser,187.0,2023.0,Marcus Sasser,6' 1.25'',195.6,PG,74.85,38.60%
Detroit Pistons,Isaiah Stewart,1630191,F-C,isaiah stewart,,,,,,,,
Detroit Pistons,Bobi Klintman,1641752,F,bobi klintman,81.0,2024.0,Bobi Klintman,6' 8.75'',212.2,BIG,78.25,7.20%
Detroit Pistons,Tolu Smith,1642449,F,tolu smith,,,,,,,,
Detroit Pistons,Lindy Waters III,1630322,F,lindy waters iii,,,,,,,,
Charlotte Hornets,Miles Bridges,1628970,F,miles bridges,,,,,,,,
Charlotte Hornets,LaMelo Ball,1630163,G,lamelo ball,,,,,,,,
Charlotte Hornets,Grant Williams,1629684,F,grant williams,365.0,2019.0,Grant Williams,6' 5.75'',240.2,BIG,84.77,26.90%
Charlotte Hornets,DaQuan Jeffries,1629610,G-F,daquan jeffries,,,,,,,,
Charlotte Hornets,Mark Williams,1631109,C,mark williams,,,,,,,,
Charlotte Hornets,Damion Baugh,1641878,G,damion baugh,,,,,,,,
Charlotte Hornets,Nick Smith Jr.,1641733,G,nick smith jr,,,,,,,,
Charlotte Hornets,Wendell Moore Jr.,1631111,G,wendell moore jr,,,,,,,,
Charlotte Hornets,Josh Green,1630182,G,josh green,322.0,2020.0,Josh Green,6'4.50'',214.0,WING,87.44,69.00%
Charlotte Hornets,Jusuf Nurkić,203994,C,jusuf nurkic,,,,,,,,
Charlotte Hornets,Josh Okogie,1629006,G,josh okogie,435.0,2018.0,Josh Okogie,6' 3'',210.8,WING,91.74,85.70%
Charlotte Hornets,Moussa Diabaté,1631217,F,moussa diabate,246.0,2022.0,Moussa Diabate,6' 9.25'',216.6,BIG,84.89,27.40%
Charlotte Hornets,Tre Mann,1630544,G,tre mann,,,,,,,,
Charlotte Hornets,Brandon Miller,1641706,F,brandon miller,,,,,,,,
Charlotte Hornets,KJ Simpson,1642354,G,kj simpson,117.0,2024.0,KJ Simpson,6' 0.25'',187.0,PG,82.75,83.20%
Charlotte Hornets,Seth Curry,203552,G,seth curry,,,,,,,,
Charlotte Hornets,Tidjane Salaün,1642275,F,tidjane salaun,139.0,2024.0,Tidjane Salaun,6' 8.75'',217.4,BIG,81.9,16.10%
Charlotte Hornets,Taj Gibson,201959,F,taj gibson,885.0,2009.0,Taj Gibson,6' 8.5'',214.4,BIG,76.7,4.80%
