,Year,Player,HEIGHT,WEIGHT,POSITION,bSPARQ,NBA %
1,2025,Ace Bailey,6' 7.50'',202.8,COMBO F,77.73,9.40%
2,2025,Alex Condon,6' 11.25'',221.8,COMBO F,88.55,56.80%
3,2025,Alex Toohey,6' 7.75'',222.8,WING,81.15,36.70%
4,2025,Alijah Martin,6' 1.50'',208.4,WING,83.65,49.70%
5,2025,Asa Newell,6' 9.00'',223.8,COMBO F,88.22,55.00%
6,2025,Ben Henshall,6' 5.50'',193.4,WING,79.94,30.90%
7,2025,Bogoljub Markovic,6' 10.50'',213.2,BIG,73.22,1.70%
8,2025,Brice Williams,6' 5.25'',205.8,WING,78.6,24.90%
9,2025,Carter Bryant,6' 6.50'',214.8,COMBO F,87.71,52.20%
10,2025,Cedric Coward,6' 5.25'',213,COMBO G,91.37,93.20%
11,2025,Chaz Lanier,6' 3.75'',205.8,COMBO G,89.99,90.50%
12,2025,Collin Murray-Boyles,6' 6.50'',239.2,COMBO F,92.87,77.80%
13,2025,Cooper Flagg,6' 7.75'',221,COMBO F,86.26,44.20%
14,2025,Danny Wolf,6' 10.50'',251.8,COMBO F,82.8,26.70%
15,2025,Darrion Williams,6' 4.50'',236,WING,78.95,26.40%
16,2025,Derik Queen,6' 9.25'',247.8,BIG,80.57,12.30%
17,2025,Dink Pate,6' 6.25'',200.8,WING,71.2,4.80%
18,2025,Drake Powell,6' 5.25'',200.4,COMBO F,97.08,91.10%
19,2025,Dylan Harper,6' 4.50'',213.2,COMBO G,87.16,82.80%
20,2025,Egor Demin,6' 8.25'',199.2,COMBO G,74.73,25.80%
21,2025,Eric Dixon,6' 7.50'',258.6,BIG,94.88,75.80%
22,2025,Grant Nelson,6' 10.00'',229.8,BIG,84.21,24.50%
23,2025,Hansen Yang,7' 1.00'',252.6,BIG,88.02,42.30%
24,2025,Hunter Sallis,6' 3.75'',181.4,WING,78.03,22.60%
25,2025,Izan Almansa,6' 9.25'',220.4,BIG,83.85,23.10%
26,2025,Jalon Moore,6' 6.25'',203.4,WING,88.08,72.00%
27,2025,Jamir Watkins,6' 5.00'',214.6,WING,89.68,78.60%
28,2025,Jase Richardson,6' 0.50'',178.4,COMBO G,76.31,32.80%
29,2025,Javon Small,6' 1.00'',190,PG,84.71,89.90%
30,2025,Jeremiah Fears,6' 2.50'',179.6,COMBO G,80.24,52.30%
31,2025,Joan Beringer,6' 11.00'',234.8,BIG,89.13,48.00%
32,2025,John Tonje,6' 4.75'',211.8,WING,85.7,60.50%
33,2025,Johni Broome,6' 9.25'',249.4,COMBO F,83.41,29.60%
34,2025,Kam Jones,6' 3.25'',202.4,PG,71.64,21.20%
35,2025,Karter Knox,6' 5.00'',214.2,WING,90.72,82.40%
36,2025,Kasparas Jakucionis,6' 4.75'',205.2,COMBO G,80.53,53.90%
37,2025,Khaman Maluach,7' 0.75'',252.8,BIG,83.01,19.90%
38,2025,Kobe Sanders,6' 7.00'',203.2,WING,82.92,45.90%
39,2025,Koby Brea,6' 5.75'',201.8,WING,77.51,20.60%
40,2025,Kon Knueppel,6' 5.00'',219,COMBO G,91.18,92.80%
41,2025,Labaron Philon,6' 2.75'',174.6,COMBO G,71.58,14.60%
42,2025,Lachlan Olbrich,6' 8.75'',230.2,BIG,76.34,4.30%
43,2025,Liam McNeeley,6' 6.75'',214.6,COMBO F,87.51,51.10%
44,2025,Mackenzie Mgbako,6' 7.50'',216.4,COMBO F,81.61,21.70%
45,2025,Mark Sears,5' 10.75'',183.4,PG,78.78,63.00%
46,2025,Max Shulga,6' 4.25'',206.4,WING,82.97,46.10%
47,2025,Maxime Raynaud,7' 0.25'',236.8,BIG,88.51,44.80%
48,2025,Micah Peavy,6' 6.25'',211.6,WING,86.6,65.00%
49,2025,Michael Ruzic,6' 11.00'',221.4,BIG,87.31,38.70%
50,2025,Miles Byrd,6' 4.75'',181.8,WING,79.07,26.90%
51,2025,Milos Uzan,6' 3.25'',186.4,PG,71.3,19.70%
52,2025,Neoklis Avdalas,6' 7.50'',197.8,WING,75.34,13.30%
53,2025,Nique Clifford,6' 5.25'',202,COMBO G,84.62,73.30%
54,2025,Noah Penda,6' 7.25'',241.8,BIG,82.76,19.00%
55,2025,Nolan Traoré,6' 3.00'',175,PG,70.82,17.70%
56,2025,Otega Oweh,6' 4.25'',212.6,WING,80.6,34.00%
57,2025,PJ Haggerty,6' 2.25'',189.4,WING,73.99,9.90%
58,2025,Rasheer Fleming,6' 8.25'',232.4,COMBO F,84.92,37.10%
59,2025,RJ Luis Jr.,6' 5.75'',210,WING,88.28,72.80%
60,2025,Rocco Zikarsky,7' 3.00'',257,BIG,93.02,67.60%
61,2025,Ryan Kalkbrenner,7' 1.00'',257.4,BIG,97.01,83.50%
62,2025,Ryan Nembhard,5' 11.00'',175.8,PG,68.45,9.60%
63,2025,Sion James,6' 4.50'',217.6,WING,91.83,86.00%
64,2025,Tahaad Pettiford,6' 0.25'',168.8,PG,74.19,34.60%
65,2025,Tamar Bates,6' 3.75'',191.4,WING,74.58,11.30%
66,2025,Tre Johnson,6' 4.75'',190.4,COMBO G,82.77,65.00%
67,2025,Tyrese Proctor,6' 4.25'',183.2,COMBO G,77.74,39.70%
68,2025,VJ Edgecombe,6' 4.00'',193.2,COMBO G,79.92,50.70%
69,2025,Vladislav Goldin,7' 0.00'',253.4,BIG,89.48,49.80%
70,2025,Walter Clayton Jr.,6' 2.00'',199,COMBO G,80.78,55.10%
71,2025,Will Riley,6' 8.25'',185.6,COMBO F,72.85,2.30%
72,2025,Yanic Konan Niederhauser,6' 11.25'',242.6,BIG,103.55,96.60%
73,2025,Yaxel Lendeborg,6' 8.50'',234.6,BIG,82.06,16.60%
74,2024,Adem Bona,6' 8.25'',243.2,BIG,107.43,99.00%
75,2024,AJ Johnson,6' 4.25'',167,WING,70.22,3.70%
76,2024,Ajay Mitchell,6' 3.25'',197,PG,77.21,53.40%
77,2024,Alex Karaban,6' 6.50'',219.2,BIG,71.5,1.00%
78,2024,Alexandre Sarr,6' 11.75'',224.2,BIG,90.46,54.90%
79,2024,Antonio Reeves,6' 4.50'',186.6,WING,75.99,15.30%
80,2024,Baylor Scheierman,6' 6.25'',201.6,WING,77.36,20.00%
81,2024,Bobi Klintman,6' 8.75'',212.2,BIG,78.25,7.20%
82,2024,Boogie Ellis,6' 0.75'',185,COMBO G,80.24,52.40%
83,2024,Bronny James,6' 1.50'',210.4,WING,89.5,77.90%
84,2024,Cam Christie,6' 4.50'',190.4,WING,83.77,50.40%
85,2024,Cam Spencer,6' 3.00'',201.8,WING,68.48,2.20%
86,2024,Carlton Carrington,6' 3.75'',194.8,PG,77.51,55.20%
87,2024,Cody Williams,6' 6.50'',178.4,WING,77.03,18.80%
88,2024,Coleman Hawkins,6' 8.25'',215.2,BIG,73.73,2.00%
89,2024,Dalton Knecht,6' 5.25'',212.2,WING,87.92,71.20%
90,2024,DaRon Holmes II,6' 8.75'',236.2,BIG,87.2,38.20%
91,2024,David Jones,6' 3.50'',211.2,WING,81.23,37.20%
92,2024,Devin Carter,6' 2.25'',193,WING,89.51,78.00%
93,2024,Dillon Jones,6' 4.50'',236.8,WING,85.03,57.00%
94,2024,Donovan Clingan,7' 1.75'',282,BIG,94.5,74.20%
95,2024,Enrique Freeman,6' 7.25'',212,BIG,86.65,35.50%
96,2024,Harrison Ingram,6' 5.25'',233.6,WING,90,79.90%
97,2024,Hunter Sallis,6' 3.50'',179.4,WING,74.73,11.70%
98,2024,Isaac Jones,6' 7.75'',235,BIG,90.38,54.50%
99,2024,Isaiah Collier,6' 2.50'',204.6,PG,83.41,85.70%
100,2024,Izan Almansa,6' 9.25'',219.6,BIG,83.64,22.30%
101,2024,Ja'Kobe Walter,6' 4.25'',197.6,WING,82.23,42.20%
102,2024,Jalen Bridges,6' 6.75'',213.4,WING,75.49,13.80%
103,2024,Jamal Shead,6' 0.25'',200.8,PG,82.34,81.50%
104,2024,Jamir Watkins,6' 5.00'',211.6,WING,86.63,65.10%
105,2024,Jared McCain,6' 2.00'',203.2,WING,73.93,9.70%
106,2024,Jaxson Robinson,6' 4.75'',188.6,WING,77.51,20.50%
107,2024,Jaylen Wells,6' 6.50'',206.2,WING,78.78,25.70%
108,2024,Jaylon Tyson,6' 5.50'',218.2,WING,86.53,64.60%
109,2024,Jesse Edwards,6' 11.50'',236,BIG,94.12,72.50%
110,2024,Johnny Furphy,6' 7.50'',188.8,WING,70.04,3.50%
111,2024,Jonathan Mogbo,6' 6.25'',217.2,BIG,90.6,55.60%
112,2024,JT Toppin,6' 7.00'',221,BIG,85.12,28.40%
113,2024,Juan Nunez,6' 4'',205.6,PG,67.3,6.90%
114,2024,Justin Edwards,6' 6.00'',209.4,WING,80.62,34.10%
115,2024,Kel'el Ware,6' 11.75'',230,BIG,96.9,83.20%
116,2024,Keshad Johnson,6' 6.25'',224,BIG,92.79,66.50%
117,2024,KJ Simpson,6' 0.25'',187,PG,82.75,83.20%
118,2024,Kyle Filipowski,6' 10.75'',229.8,BIG,84.22,24.60%
119,2024,Kyshawn George,6' 7.00'',208.8,WING,78.42,24.20%
120,2024,Mark Sears,5' 10.25'',192.4,PG,83.61,86.40%
121,2024,Matas Buzelis,6' 8.75'',197,WING,82.96,46.10%
122,2024,Melvin Ajinca,6' 7.25'',213.8,WING,78.8,25.70%
123,2024,Michael Ajayi,6' 5.75'',227.8,WING,83.78,50.40%
124,2024,N'Faly Dante,6' 10.00'',260.2,BIG,92.72,66.20%
125,2024,Nae'Qwan Tomlin,6' 8.25'',205,BIG,78.35,7.30%
126,2024,Nikola Djurisic,6' 7.00'',208.8,WING,79.46,28.70%
127,2024,Nique Clifford,6' 5.00'',198.6,WING,81.61,39.10%
128,2024,Oso Ighodaro,6' 9.50'',222,BIG,99.74,90.80%
129,2024,Pacome Dadiet,6' 7.75'',216.8,WING,85.07,57.20%
130,2024,Payton Sandfort,6' 6.25'',212,WING,68.74,2.30%
131,2024,Pelle Larsson,6' 5.25'',212.4,WING,86.95,66.70%
132,2024,PJ Hall,6' 8.25'',239.6,BIG,100.14,91.70%
133,2024,Quinten Post,7' 0.00'',244.4,BIG,80.92,13.20%
134,2024,Reece Beekman,6' 1.25'',196.4,PG,80.96,75.10%
135,2024,Reed Sheppard,6' 1.75'',181.6,PG,80.96,75.10%
136,2024,Ron Holland II,6' 6.50'',196.8,WING,80.97,35.90%
137,2024,Ryan Dunn,6' 6.25'',213.6,BIG,90.38,54.50%
138,2024,Stephon Castle,6' 5.50'',210,WING,81.97,40.90%
139,2024,Tidjane Salaun,6' 8.75'',217.4,BIG,81.9,16.10%
140,2024,Trentyn Flowers,6' 6.50'',201.4,WING,91.42,84.70%
141,2024,Trevon Brazile,6' 9.25'',215,BIG,93.01,67.60%
142,2024,Trey Alexander,6' 3.25'',187,WING,71.41,5.10%
143,2024,Tristan Da Silva,6' 8.25'',216.8,BIG,83.86,23.10%
144,2024,Tristen Newton,6' 3.25'',191.8,PG,69.94,14.30%
145,2024,Tyler Kolek,6' 1.25'',196.6,PG,75.1,40.10%
146,2024,Tyler Smith,6' 9.00'',223.8,BIG,93.77,71.00%
147,2024,Ulrich Chomche,6' 10.25'',232.4,BIG,89.61,50.50%
148,2024,Yves Missi,6' 10.75'',229.4,BIG,93.27,68.70%
149,2024,Zaccharie Risacher,6' 8.5'',194.6,WING,70.58,4.10%
150,2024,Zach Edey,7' 3.75'',299,BIG,100.45,92.30%
151,2023,Adam Flagler,6' 1.00'',191.8,PG,81.44,77.50%
152,2023,Adama Sanogo,6' 7.25'',257.8,BIG,95.91,79.70%
153,2023,Amari Bailey,6' 3.25'',190.8,WING,76.41,16.70%
154,2023,Andre Jackson Jr.,6' 5.50'',198.4,WING,82.51,43.70%
155,2023,Anthony Black,6' 5.75'',210,PG,89.32,97.70%
156,2023,Arthur Kaluma,6' 6.25'',221.8,BIG,94.21,72.90%
157,2023,Azuolas Tubelis,6' 8.75'',234.8,BIG,77.47,5.90%
158,2023,Ben Sheppard,6' 5.25'',194.6,WING,79.32,28.00%
159,2023,Brandin Podziemski,6' 3.75'',203.8,WING,86.22,63.10%
160,2023,Cam Whitmore,6' 5.75'',235,WING,96.44,95.50%
161,2023,Cason Wallace,6' 2.50'',195.2,PG,76.66,49.90%
162,2023,Chris Livingston,6' 6.00'',219.2,WING,89.05,76.10%
163,2023,Colby Jones,6' 4.50'',199.2,WING,82.76,45.00%
164,2023,Coleman Hawkins,6' 8.50'',224.4,BIG,81.66,15.40%
165,2023,DaRon Holmes II,6' 9.00'',220.8,BIG,87.25,38.40%
166,2023,Dillon Mitchell,6' 6.75'',193,BIG,77.93,6.60%
167,2023,Drew Timme,6' 8.75'',243.2,BIG,85.5,30.10%
168,2023,Emoni Bates,6' 8.25'',179.2,WING,70.19,3.60%
169,2023,GG Jackson,6' 8.25'',214.4,BIG,88.55,45.00%
170,2023,Gradey Dick,6' 6.25'',204,WING,81.15,36.70%
171,2023,Grant Nelson,6' 10.00'',223.4,BIG,93.54,70.00%
172,2023,Isaiah Wong,6' 2.50'',178.4,WING,79.77,30.10%
173,2023,Jaime Jaquez Jr.,6' 6.00'',226.4,WING,100.28,98.60%
174,2023,Jalen Pickett,6' 2.00'',197.8,PG,78.36,60.50%
175,2023,Jalen Slawson,6' 6.50'',221.6,BIG,86.44,34.50%
176,2023,Jalen Wilson,6' 5.50'',230.2,WING,94.72,92.80%
177,2023,Jarace Walker,6' 6.50'',248.6,BIG,108.14,99.20%
178,2023,Jordan Miller,6' 4.50'',191.6,WING,83.17,47.20%
179,2023,Jordan Walsh,6' 5.75'',204,WING,89.27,77.00%
180,2023,Judah Mintz,6' 3.00'',176.4,PG,72.14,23.60%
181,2023,Julian Phillips,6' 6.75'',196.6,WING,92.66,88.30%
182,2023,Julian Strawther,6' 6.00'',208.8,WING,79.48,28.80%
183,2023,Kobe Brown,6' 6.50'',252.2,BIG,94.3,73.30%
184,2023,Kobe Bufkin,6' 4.25'',186.8,WING,76.07,15.60%
185,2023,Kris Murray,6' 7.75'',212.8,BIG,84.85,27.20%
186,2023,Leonard Miller,6' 9.25'',212.8,BIG,90.1,53.10%
187,2023,Marcus Sasser,6' 1.25'',195.6,PG,74.85,38.60%
188,2023,Maxwell Lewis,6' 6.25'',207.2,WING,89.37,77.40%
189,2023,Mike Miles Jr.,6' 0.75'',205,PG,89.79,98.10%
190,2023,Mojave King,6' 3.75'',200.6,WING,89.32,77.20%
191,2023,Olivier-Maxence Prosper,6' 6.75'',212.4,BIG,96.37,81.40%
192,2023,Omari Moore,6' 5.25'',188.6,WING,76.61,17.30%
193,2023,Oscar Tshiebwe,6' 7.25'',253.6,BIG,97.19,84.10%
194,2023,Rayan Rupert,6' 6.00'',193.2,WING,74.99,12.40%
195,2023,Reece Beekman,6' 1.50'',190.6,PG,80.12,70.70%
196,2023,Ricky Council IV,6' 5.00'',208,WING,85.55,59.70%
197,2023,Ryan Kalkbrenner,7' 0.75'',251.8,BIG,92.78,66.50%
198,2023,Seth Lundy,6' 4.00'',214.4,WING,89.67,78.60%
199,2023,Sidy Cissoko,6' 5.50'',223.8,WING,90.48,81.60%
200,2023,Taylor Hendricks,6' 8.25'',213.6,BIG,91.48,60.10%
201,2023,Terquavion Smith,6' 2.50'',163.2,WING,70.71,4.20%
202,2023,Terrence Shannon Jr.,6' 5.50'',220,WING,92.61,88.20%
203,2023,Toumani Camara,6' 7.00'',220.4,BIG,84.95,27.70%
204,2023,Trayce Jackson-Davis,6' 8.25'',240.4,BIG,101.59,94.20%
205,2023,Trey Alexander,6' 3.25'',184.6,WING,76.3,16.30%
206,2023,Tristan Vukcevic,6' 11.25'',223.4,BIG,80.15,11.20%
207,2023,Zach Edey,7' 3.25'',306.4,BIG,102.42,95.30%
208,2022,Alondes Williams,6' 3.75'',209,WING,84.83,55.90%
209,2022,Aminu Mohammed,6' 3.50'',212.8,WING,84.94,56.50%
210,2022,Andrew Nembhard,6' 3.00'',195.6,PG,73.89,32.90%
211,2022,Blake Wesley,6' 3.00'',187.2,WING,78.11,22.90%
212,2022,Bryce McGowens,6' 5.25'',181.2,WING,75.29,13.20%
213,2022,Christian Braun,6' 5.50'',209.2,WING,92.15,86.90%
214,2022,Christian Koloko,6' 10.75'',221,BIG,83.99,23.60%
215,2022,Collin Gillespie,6' 1.50'',195.8,PG,73.94,33.20%
216,2022,David Roddy,6' 4.50'',260.8,BIG,92.98,67.40%
217,2022,Dereon Seabron,6' 4.75'',182.4,WING,77.5,20.50%
218,2022,Dominick Barlow,6' 8.75'',221,BIG,85.09,28.30%
219,2022,Drew Timme,6' 8.25'',231.6,BIG,81.28,14.20%
220,2022,Dyson Daniels,6' 6.00'',195.2,WING,78.51,24.50%
221,2022,E.J. Liddell,6' 5.50'',243,BIG,108.61,99.30%
222,2022,Gabriele Procida,6' 5.75'',192.8,WING,78.8,25.80%
223,2022,Harrison Ingram,6' 5.25'',232.8,WING,90.95,83.20%
224,2022,Hugo Besson,6' 4.50'',180.4,WING,66.11,1.00%
225,2022,Iverson Molinar,6' 2.25'',183.2,PG,78.73,62.70%
226,2022,Jabari Walker,6' 6.75'',213.8,BIG,85.17,28.60%
227,2022,Jake LaRavia,6' 6.75'',227.2,BIG,84.71,26.60%
228,2022,Jalen Williams,6' 4.50'',209.2,WING,92.12,86.80%
229,2022,Jaylin Williams,6' 8.75'',236.6,BIG,80.25,11.40%
230,2022,JD Davison,6' 0.50'',191.8,PG,79.58,67.70%
231,2022,Jean Montero,6' 1.00'',171.8,PG,72.53,25.50%
232,2022,John Butler Jr.,6' 11.75'',174.4,BIG,67.99,0.30%
233,2022,Johnny Juzang,6' 5.25'',208.6,WING,79.35,28.20%
234,2022,Julian Champagnie,6' 6.25'',212.4,WING,82.7,44.70%
235,2022,Julian Strawther,6' 5.75'',207.6,WING,81.21,37.10%
236,2022,Justin Lewis,6' 6.25'',235.4,BIG,98.72,88.40%
237,2022,Kendall Brown,6' 6.25'',201.2,WING,85.38,58.80%
238,2022,Keon Ellis,6' 3.50'',167.4,WING,68.69,2.30%
239,2022,Kofi Cockburn,6' 11.00'',293,BIG,109.2,99.50%
240,2022,Leonard Miller,6' 8.50'',211,WING,85.32,58.50%
241,2022,Malaki Branham,6' 4.00'',194.8,WING,78.43,24.20%
242,2022,Matteo Spagnolo,6' 4.00'',196.2,PG,72.03,23.10%
243,2022,Matthew Mayer,6' 8.00'',216.4,WING,77.24,19.50%
244,2022,Max Christie,6' 4.25'',189.2,WING,82.41,43.20%
245,2022,Michael Foster Jr.,6' 7.75'',236.6,BIG,88.54,45.00%
246,2022,Moussa Diabate,6' 9.25'',216.6,BIG,84.89,27.40%
247,2022,Ochai Agbaji,6' 4.50'',216.8,WING,91.56,85.20%
248,2022,Orlando Robinson,6' 9.75'',244.4,BIG,78.51,7.60%
249,2022,Patrick Baldwin Jr.,6' 9.25'',230.8,WING,76.41,16.60%
250,2022,Peyton Watson,6' 6.75'',203.4,WING,78.97,26.50%
251,2022,Ron Harper Jr.,6' 4.00'',240.4,WING,84.81,55.80%
252,2022,Ryan Rollins,6' 2.00'',179.2,WING,76.5,17.00%
253,2022,Scotty Pippen Jr.,6' 0.00'',180,PG,76.81,50.80%
254,2022,Terquavion Smith,6' 2.25'',165.2,WING,72.14,6.20%
255,2022,Trevion Williams,6' 7.25'',264.6,BIG,95.27,77.30%
256,2022,Trevor Keels,6' 3.25'',223.8,WING,77.02,18.80%
257,2022,Wendell Moore,6' 4.25'',217.2,WING,92.71,88.40%
258,2021,Aaron Henry,6'4.5'',209.6,WING,82.88,45.70%
259,2021,Aaron Wiggins,6'4.5'',190,WING,77.94,22.20%
260,2021,AJ Lawson,6'5.5'',179.2,WING,80.96,35.80%
261,2021,Ariel Hukporti,6'10.75'',246,BIG,82.63,18.50%
262,2021,Austin Reaves,6'4.5'',197.2,WING,71.35,5.00%
263,2021,Ayo Dosunmu,6'3.5'',194.4,WING,74.42,10.90%
264,2021,Carlik Jones,6'0.0'',173.6,PG,76.53,49.00%
265,2021,Charles Bassey,6'9.25'',230.2,BIG,98.11,86.80%
266,2021,Corey Kispert,6'6.0'',223.8,WING,89.37,77.40%
267,2021,Daishen Nix,6'3.0'',225.6,PG,88.84,97.30%
268,2021,David Duke Jr.,6'4.25'',203.6,WING,83.21,47.40%
269,2021,David Johnson,6'3.25'',202.8,WING,89.04,76.10%
270,2021,DJ Steward,6'0.75'',162.2,PG,77.71,56.50%
271,2021,Duane Washington Jr.,6'2.25'',196.8,WING,80.11,31.70%
272,2021,Greg Brown III,6'7.25'',206.4,BIG,91.14,58.40%
273,2021,Herbert Jones,6'6.0'',206.4,WING,80.92,35.60%
274,2021,Isaiah Mobley,6'8.0'',238,BIG,85.34,29.40%
275,2021,Isaiah Todd,6'8.75'',219,BIG,84.53,25.90%
276,2021,Jaden Springer,6'3.0'',202,WING,91.75,85.70%
277,2021,Jason Preston,6'3.0'',180.6,PG,76.96,51.80%
278,2021,Jeremiah Robinson-Earl,6'7.75'',242.4,BIG,87.74,40.90%
279,2021,Jericho Sims,6'9.0'',250.2,BIG,114.99,100.00%
280,2021,Joe Wieskamp,6'5.75'',204.8,WING,83.55,49.20%
281,2021,John Petty Jr.,6'4.5'',186.2,WING,73.12,8.00%
282,2021,Johnny Juzang,6'5.5'',209,WING,86.76,65.80%
283,2021,Josh Christopher,6'3.25'',214.8,WING,85.56,59.80%
284,2021,Joshua Primo,6'4.0'',189,WING,79.53,29.00%
285,2021,JT Thor,6'8.5'',203,BIG,85.83,31.60%
286,2021,Julian Champagnie,6'6.5'',217.4,WING,78.67,25.20%
287,2021,Justin Champagnie,6'5.75'',206.4,BIG,77.79,6.40%
288,2021,Keon Johnson,6'3.5'',184.8,WING,98.48,97.50%
289,2021,Kessler Edwards,6'7.0'',203,BIG,78.89,8.40%
290,2021,Luka Garza,6'10.0'',242.8,BIG,80.55,12.20%
291,2021,Makur Maker,6'10.25'',232.2,BIG,81.45,14.70%
292,2021,Marcus Bagley,6'6.0'',216.8,WING,92.56,88.00%
293,2021,Marcus Zegarowski,6'0.75'',180.8,PG,76.15,46.60%
294,2021,Matt Hurt,6'8.5'',232.4,BIG,81.54,15.00%
295,2021,Max Abmas,5'10.5'',161.8,PG,67.84,8.10%
296,2021,McKinley Wright IV,5'11.25'',192.2,PG,82.54,82.40%
297,2021,Miles McBride,6'1.0'',195.2,PG,82.56,82.40%
298,2021,Moses Wright,6'7.75'',225.8,BIG,93.3,68.90%
299,2021,Nah'Shon Hyland,6'2.0'',169,WING,66.63,1.20%
300,2021,Neemias Queta,6'11.25'',248.4,BIG,89.45,49.70%
301,2021,Ochai Agbaji,6'4.5'',214.4,WING,90.82,82.80%
302,2021,Quentin Grimes,6'4.0'',205,WING,84.62,54.90%
303,2021,RaiQuan Gray,6'6.5'',268.6,BIG,93.78,71.10%
304,2021,Sam Hauser,6'6.75'',217.4,WING,84.05,51.80%
305,2021,Sandro Mamukelashvili,6'9.0'',239.8,BIG,95.43,77.90%
306,2021,Scottie Barnes,6'7.0'',225.4,WING,103.29,99.50%
307,2021,Scottie Lewis,6'4.0'',187.6,WING,85.67,60.30%
308,2021,Terrence Shannon Jr.,6'5.5'',206.6,WING,89.23,76.90%
309,2021,Trendon Watford,6'7.5'',237.4,BIG,88.73,46.00%
310,2021,Trey Murphy III,6'7.5'',206,WING,92,86.50%
311,2021,Yves Pons,6'5.5'',206.4,BIG,96.35,81.30%
312,2021,Ziaire Williams,6'8.25'',188.4,WING,85.88,61.40%
313,2020,Ashton Hagans,6'1.50'',193,PG,78.9,63.70%
314,2020,Cassius Stanley,6'5.00'',201.6,WING,91.58,85.20%
315,2020,Cassius Winston,6'0.50'',196,PG,69.02,11.20%
316,2020,CJ Elleby,6'5.50'',198.6,WING,82.57,44.10%
317,2020,Devon Dotson,6'0.50'',185.2,PG,80.35,72.00%
318,2020,Grant Riller,6'0.25'',178.4,COMBO G,79.84,50.30%
319,2020,Immanuel Quickley,6'2.00'',185.8,WING,76.69,17.60%
320,2020,Jalen Harris,6'2.75'',193.4,WING,94.46,92.30%
321,2020,Jordan Nwora,6'5.75'',223,COMBO F,86.83,47.40%
322,2020,Josh Green,6'4.50'',214,WING,87.44,69.00%
323,2020,Joshua Hall,6'6.00'',196.6,WING,83.84,50.70%
324,2020,Kahlil Whitney,6'5.50'',205,WING,81.57,38.90%
325,2020,Kaleb Wesson,6'9.25'',252.6,BIG,76.67,4.80%
326,2020,Karim Mane,6'5.00'',196,COMBO G,82.68,64.50%
327,2020,Kenyon Martin Jr.,6'6.00'',213.2,COMBO F,89.27,60.60%
328,2020,Killian Tillie,6'8.75'',221.6,BIG,83.08,20.20%
329,2020,Lamar Stevens,6'5.75'',228,COMBO F,102.01,97.80%
330,2020,Mamadi Diakite,6'8.50'',222.1,BIG,84.32,25.00%
331,2020,Markus Howard,5'9.50'',170.8,PG,73.99,33.50%
332,2020,Mason Jones,6'3.75'',207.2,WING,71.85,5.80%
333,2020,Naji Marshall,6'5.75'',233.5,WING,88.82,75.20%
334,2020,Nathan Knight,6'8.00'',235,BIG,76.32,4.30%
335,2020,Nick Richards,6'10.50'',241.6,BIG,94.74,75.20%
336,2020,Paul Eboua,6'6.00'',222.2,COMBO F,95.44,86.80%
337,2020,Paul Reed Jr.,6'8.50'',219.2,BIG,80.29,11.50%
338,2020,Reggie Perry,6'8.25'',249.6,BIG,97.26,84.30%
339,2020,Robert Woodard II,6'5.50'',230.2,WING,95.92,94.80%
340,2020,Skylar Mays,6'3.00'',204,WING,81.28,37.40%
341,2020,Trent Forrest,6'3.50'',203,PG,78.92,63.90%
342,2020,Ty-Shon Alexander,6'2.00'',200.8,WING,78.24,23.40%
343,2020,Tyler Bey,6'6.00'',212.8,BIG,100.8,92.90%
344,2020,Tyrell Terry,6'1.50'',170,PG,72.77,26.80%
345,2020,Udoka Azubuike,6'10.00'',259.5,BIG,118.43,100.00%
346,2020,Xavier Tillman Sr.,6'7.50'',266.5,BIG,91.8,61.70%
347,2020,Yoeli Childs,6'6.00'',226.4,BIG,99.24,89.70%
348,2020,Zeke Nnaji,6'9.25'',246.8,BIG,103.79,96.80%
349,2019,Admiral Schofield,6' 4'',240.6,WING,94.54,92.50%
350,2019,Brandon Clarke,6' 7.25'',207.2,WING,92.48,87.80%
351,2019,Brian Bowen II,6' 6.25'',200,WING,85.92,61.60%
352,2019,Bruno Fernando,6' 8.75'',237,BIG,92.15,63.50%
353,2019,Cameron Johnson,6' 7'',205.2,WING,84.54,54.40%
354,2019,Carsen Edwards,5' 10.75'',199.4,PG,78.85,63.50%
355,2019,Charles Bassey,6' 8.75'',239,BIG,91.54,60.40%
356,2019,Charles Matthews,6' 5'',194.8,WING,79.45,28.60%
357,2019,Cody Martin,6' 4.75'',192.2,COMBO G,75.71,30.10%
358,2019,Daniel Gafford,6' 9.25'',237.6,BIG,99.48,90.30%
359,2019,Darius Bazley,6' 7.75'',208.4,BIG,85.58,30.50%
360,2019,Dedric Lawson,6' 7'',233,BIG,76.96,5.10%
361,2019,Devon Dotson,6' 0'',178.6,PG,75.52,42.70%
362,2019,Dewan Hernandez,6' 9'',232.8,BIG,93.23,68.60%
363,2019,Dylan Windler,6' 6.25'',195.8,WING,78.73,25.50%
364,2019,Eric Paschall,6' 6'',254.4,WING,106.47,99.90%
365,2019,Grant Williams,6' 5.75'',240.2,BIG,84.77,26.90%
366,2019,Ignas Brazdeikis,6' 5.75'',220.8,WING,90.59,82.00%
367,2019,Isaiah Roby,6' 7.25'',214,BIG,91.58,60.60%
368,2019,Jalen Hoard,6' 7.25'',212.6,BIG,80.56,12.20%
369,2019,Jalen Lecque,6' 2.5'',185.2,PG,86.73,94.40%
370,2019,Jalen McDaniels,6' 8.25'',191.6,WING,78.32,23.80%
371,2019,Jared Harper,5' 9.75'',169.2,PG,78.5,61.30%
372,2019,Jaxson Hayes,6' 10.25'',218.6,BIG,81.12,13.80%
373,2019,Jaylen Hands,6' 1.5'',180.4,PG,81.43,77.40%
374,2019,Jaylen Nowell,6' 3.25'',202.4,WING,86.8,66.00%
375,2019,Jordan Bone,6' 1.5'',179,WING,86.28,63.40%
376,2019,Jordan Poole,6' 3.5'',190.8,WING,75.34,13.30%
377,2019,Kevin Porter Jr.,6' 4'',212.6,WING,79.55,29.10%
378,2019,Kris Wilkes,6' 6.25'',208.8,WING,79.46,28.70%
379,2019,Ky Bowman,6' 1'',181.2,PG,71.69,21.40%
380,2019,Kyle Guy,6' 0.75'',167.8,WING,72.97,7.70%
381,2019,KZ Okpala,6' 7.25'',209.6,WING,85.93,61.70%
382,2019,Louis King,6' 6.75'',195.2,WING,78.5,24.50%
383,2019,Luguentz Dort,6' 2.75'',222.2,PG,94.43,99.80%
384,2019,Luka Samanic,6' 9.5'',227.2,BIG,83.59,22.10%
385,2019,Marial Shayok,6' 4.5'',196.8,COMBO F,80.02,15.80%
386,2019,Mfiondu Kabengele,6' 8.75'',256.2,BIG,94.2,72.90%
387,2019,Miye Oni,6' 4.25'',205.6,WING,84.8,55.80%
388,2019,Moses Brown,7' 1.25'',237.2,BIG,86.22,33.40%
389,2019,Nassir Little,6' 4.5'',224.2,WING,91.76,85.80%
390,2019,Naz Reid,6' 8.75'',255.8,BIG,88.94,47.00%
391,2019,Neemias Queta,6' 10.75'',225.8,BIG,76.32,4.30%
392,2019,Nicolas Claxton,6' 10'',216.6,BIG,90.28,54.00%
393,2019,O'Shae Brissett,6' 7'',203.2,COMBO F,91.02,69.50%
394,2019,Quentin Grimes,6' 4'',209.6,WING,79.78,30.10%
395,2019,Quinndary Weatherspoon,6' 3'',206.6,WING,86.16,62.80%
396,2019,Reggie Perry,6' 8'',250.8,COMBO F,93.83,81.50%
397,2019,Shamorie Ponds,5' 11.5'',180,PG,74.13,34.30%
398,2019,Simisola Shittu,6' 8.5'',227.2,BIG,83.53,21.80%
399,2019,Tacko Fall,7' 5.25'',288.8,BIG,86.12,33.00%
400,2019,Talen Horton-Tucker,6' 2.5'',235.4,WING,83.51,49.00%
401,2019,Terance Mann,6' 4.75'',204.6,WING,88.58,74.10%
402,2019,Terence Davis,6' 3'',192.4,WING,78.72,25.40%
403,2019,Tremont Waters,5' 9.5'',172.4,PG,74.49,36.50%
404,2019,Ty Jerome,6' 4.25'',194.4,PG,72.49,25.30%
405,2019,Tyler Cook,6' 7.25'',245.4,BIG,89.85,51.80%
406,2019,Zach Norvell Jr.,6' 4.5'',206.4,WING,71.59,5.40%
407,2018,Aaron Holiday,5' 11.75'',187,PG,69.67,13.30%
408,2018,Alize Johnson,6' 7.25'',216.6,BIG,76.25,4.20%
409,2018,Allonzo Trier,6' 3.75'',198,WING,85.34,58.60%
410,2018,Anfernee Simons,6' 2.25'',183.2,COMBO G,80.5,53.70%
411,2018,Austin Wiley,6' 8.25'',249.4,BIG,92.22,63.80%
412,2018,Billy Preston,6' 8.75'',222.4,BIG,77.73,6.30%
413,2018,Brandon McCoy,6' 11.5'',250.4,BIG,91.19,58.70%
414,2018,Brian Bowen,6' 6.25'',202,WING,83.53,49.10%
415,2018,Bruce Brown,6' 3.5'',194.6,COMBO G,85.2,75.70%
416,2018,Bruno Fernando,6' 8.75'',233.2,BIG,89.82,51.60%
417,2018,Caleb Martin,6' 4.75'',195.8,WING,78.73,25.50%
418,2018,Carsen Edwards,5' 10.75'',195.6,PG,77.72,56.60%
419,2018,Chimezie Metu,6' 8.5'',219.6,BIG,86.9,36.70%
420,2018,Cody Martin,6' 4.75'',188.6,WING,76.6,17.30%
421,2018,DeAnthony Melton,6' 2.25'',193.2,COMBO G,81.85,60.50%
422,2018,Devon Hall,6' 4.25'',206.4,WING,73.66,9.10%
423,2018,Devonte Graham,6' 0.25'',186.4,PG,79.68,68.30%
424,2018,Donte DiVincenzo,6' 3.5'',200.6,WING,91.26,84.20%
425,2018,Gary Trent,6' 4.25'',204.2,WING,90.44,81.50%
426,2018,George King,6' 4.75'',218.6,WING,89.92,79.60%
427,2018,Grayson Allen,6' 3'',198,WING,86.39,64.00%
428,2018,Hamidou Diallo,6' 4.25'',197,WING,85.99,62.00%
429,2018,Jacob Evans,6' 4.25'',199.6,WING,77.92,22.10%
430,2018,Jalen Brunson,6' 1'',198.4,PG,79.59,67.70%
431,2018,Jaylen Barford,6' 1.25'',207.6,COMBO G,78.18,41.90%
432,2018,Jaylen Hands,6' 1.5'',179,PG,78.29,60.10%
433,2018,Jevon Carter,6' 0.25'',196.2,PG,78.92,63.90%
434,2018,Jontay Porter,6' 10'',236,BIG,82.43,17.90%
435,2018,Josh Okogie,6' 3'',210.8,WING,91.74,85.70%
436,2018,Keita Bates-Diop,6' 7.25'',223.8,WING,90.39,81.30%
437,2018,Kenrich Williams,6' 6'',200.4,WING,78.14,23.00%
438,2018,Kevin Hervey,6' 6.5'',211.6,BIG,80.25,11.40%
439,2018,Kevin Huerter,6' 6.25'',194,WING,82.02,41.20%
440,2018,Khyri Thomas,6' 2.5'',198.8,WING,81.6,39.00%
441,2018,Kostas Antetokounmpo,6' 9'',194.8,BIG,79.35,9.30%
442,2018,Kris Wilkes,6' 6.5'',205,WING,79.38,28.30%
443,2018,Landry Shamet,6' 4'',188.6,PG,80.41,72.30%
444,2018,Lonnie Walker,6' 3.75'',196.2,WING,83.72,50.10%
445,2018,Malik Newman,6' 2.5'',189.2,WING,73.98,9.80%
446,2018,Melvin Frazier,6' 4.5'',198.2,WING,83.46,48.70%
447,2018,Moritz Wagner,6' 10.5'',241.4,BIG,87.5,39.70%
448,2018,Omari Spellman,6' 8'',253.8,BIG,94.76,75.30%
449,2018,PJ Washington,6' 6.5'',223,BIG,82.37,17.70%
450,2018,Rawle Alkins,6' 2.75'',217.4,WING,92.83,88.70%
451,2018,Ray Spalding,6' 9'',215.4,BIG,78.05,6.80%
452,2018,Sagaba Konate,6' 6.5'',246,BIG,99.87,91.10%
453,2018,Shake Milton,6' 4.5'',207.2,COMBO G,84.07,70.90%
454,2018,Sviatoslav Mykhailiuk,6' 6.5'',211.6,WING,86.62,65.10%
455,2018,Theo Pinson,6' 5'',211.2,WING,79.13,27.20%
456,2018,Tony Carr,6' 3'',198.8,PG,71.74,21.70%
457,2018,Trevon Duval,6' 1.5'',191,PG,86.89,94.70%
458,2018,Troy Brown,6' 5.75'',208,WING,76.14,15.80%
459,2018,Tyus Battle,6' 5'',200.2,WING,86.07,62.40%
460,2018,Udoka Azubuike,6' 10'',273.8,BIG,107.4,99.00%
461,2018,Yante Maten,6' 7.25'',246.2,BIG,88.85,46.60%
462,2018,Zhaire Smith,6' 2.75'',198.6,WING,87.54,69.50%
463,2017,Cameron Oliver,6' 7'',238.6,BIG,89.21,48.50%
464,2017,Damyean Dotson,6' 4.5'',205.2,WING,86.71,65.50%
465,2017,Davon Reed,6' 4.5'',206.2,WING,80.78,34.90%
466,2017,Derrick Walton Jr.,5' 11'',188.6,PG,71.02,18.50%
467,2017,Derrick White,6' 3.25'',189.8,PG,80.75,74.10%
468,2017,Devin Robinson,6' 7'',189.6,WING,89.18,76.70%
469,2017,Dillon Brooks,6' 5'',220.2,WING,90.45,81.50%
470,2017,Donovan Mitchell,6' 1.25'',211.4,WING,99.27,98.10%
471,2017,Dwayne Bacon,6' 4.75'',221.6,WING,88.71,74.70%
472,2017,Edrice Adebayo,6' 8.75'',242.6,BIG,103.58,96.60%
473,2017,Frank Jackson,6' 2'',201.6,PG,91.66,99.10%
474,2017,Frank Mason III,5' 11'',188.8,PG,86.22,93.50%
475,2017,Hamidou Diallo,6' 3.75'',197.4,WING,90.07,80.10%
476,2017,Harry Giles,6' 9.25'',232,BIG,84.83,27.20%
477,2017,Ike Anigbogu,6' 8.5'',252.2,BIG,96.76,82.70%
478,2017,Isaiah Briscoe,6' 1.25'',222.4,PG,84.5,89.20%
479,2017,Isaiah Hicks,6' 7.25'',233.4,BIG,95.78,79.30%
480,2017,Ivan Rabb,6' 8.75'',219.6,BIG,84.68,26.50%
481,2017,Jamel Artis,6' 5.5'',213.2,WING,72.23,6.40%
482,2017,Jaron Blossomgame,6' 5.75'',218.6,WING,89.93,79.60%
483,2017,Jarrett Allen,6' 9'',233.6,BIG,95.76,79.20%
484,2017,Jawun Evans,5' 10.75'',185.2,PG,72.87,27.30%
485,2017,John Collins,6' 8.25'',225.2,BIG,96.47,81.70%
486,2017,Jordan Bell,6' 7'',223.6,BIG,92.63,65.80%
487,2017,Josh Hart,6' 3.75'',209.2,WING,79.66,29.60%
488,2017,Justin Jackson (UMD),6' 5.75'',219.4,WING,80.27,32.40%
489,2017,Justin Jackson (UNC),6' 7'',200.8,WING,81.14,36.70%
490,2017,Justin Patton,6' 10'',229,BIG,81.68,15.40%
491,2017,Kadeem Allen,6' 1'',192.4,PG,85.39,91.60%
492,2017,Kennedy Meeks,6' 8.75'',276.6,BIG,100.01,91.40%
493,2017,Kobi Simmons,6' 3.25'',166.2,PG,72.47,25.20%
494,2017,Kyle Kuzma,6' 8'',222.6,WING,82.29,42.50%
495,2017,Melo Trimble,6' 1.25'',195.2,PG,69.84,13.90%
496,2017,Monte Morris,6' 1.25'',175.2,PG,70.9,18.00%
497,2017,Moritz Wagner,6' 10'',231.2,BIG,81.16,13.90%
498,2017,Nigel Hayes,6' 6.25'',254.2,BIG,96.12,80.50%
499,2017,Nigel Williams-Goss,6' 1.5'',190.2,PG,74.26,35.10%
500,2017,Omer Yurtseven,6' 10.5'',248.4,BIG,86.89,36.70%
501,2017,Peter Jok,6' 4.25'',202.4,WING,75.69,14.40%
502,2017,PJ Dozier,6' 5.25'',200.6,WING,90.1,80.20%
503,2017,Rawle Alkins,6' 2.5'',222.6,WING,92.37,87.50%
504,2017,Semi Ojeleye,6' 5.25'',241.4,WING,106.85,99.90%
505,2017,Sindarius Thornwell,6' 3.5'',211.6,WING,79.22,27.60%
506,2017,Svi Mykhailiuk,6' 6.5'',219.6,WING,81.47,38.30%
507,2017,Terrance Ferguson,6' 5.5'',184.4,WING,74.45,11.00%
508,2017,Thomas Bryant,6' 9.5'',247.8,BIG,85.56,30.40%
509,2017,TJ Leaf,6' 8.75'',222.2,BIG,86.61,35.30%
510,2017,Tony Bradley,6' 9.25'',248.8,BIG,83.26,20.80%
511,2017,Tyler Dorsey,6' 3'',182.6,WING,77.59,20.90%
512,2017,Tyler Lydon,6' 8.25'',215,BIG,85.5,30.10%
513,2017,V.J. Beachem,6' 6.25'',193.4,WING,79.95,30.90%
514,2017,Wesley Iwundu,6' 5.5'',193.4,WING,82.82,45.40%
515,2016,Ben Bentil,6' 7.25'',229.2,BIG,88.63,45.40%
516,2016,Brice Johnson,6' 9'',208.6,BIG,91.79,61.70%
517,2016,Cheick Diallo,6' 7.5'',218.6,BIG,89.82,51.60%
518,2016,Chinanu Onuaku,6' 9'',245.2,BIG,89.73,51.20%
519,2016,Damian Jones,6' 10.25'',243.6,BIG,109.88,99.60%
520,2016,Daniel Hamilton,6' 6.25'',197,WING,73.15,8.10%
521,2016,DeAndre Bembry,6' 4.25'',206.6,WING,88.18,72.40%
522,2016,Demetrius Jackson,6' 0'',193.8,PG,94.7,99.80%
523,2016,Denzel Valentine,6' 4'',210.4,WING,78.85,26.00%
524,2016,Diamond Stone,6' 9'',254.4,BIG,91.07,58.00%
525,2016,Dorian Finney-Smith,6' 6.5'',212.6,WING,91.11,83.70%
526,2016,Gary Payton II,6' 2'',183.8,PG,79.81,69.00%
527,2016,Georges Niang,6' 6.75'',230.8,BIG,79.9,10.60%
528,2016,Isaiah Cousins,6' 3.25'',194,PG,81.13,76.00%
529,2016,Isaiah Whitehead,6' 3.25'',210,COMBO G,79.87,50.40%
530,2016,Jake Layman,6' 8'',208.6,WING,90.79,82.70%
531,2016,Jaron Blossomgame,6' 6.25'',213.6,WING,96.87,96.00%
532,2016,Jarrod Uthoff,6' 8.5'',214.4,BIG,84.23,24.60%
533,2016,Joel Bolomboy,6' 7.5'',224.4,BIG,106.23,98.50%
534,2016,Josh Hart,6' 4'',203.6,WING,82.15,41.80%
535,2016,Justin Jackson,6' 7'',193.4,WING,78.88,26.10%
536,2016,Kay Felder,5' 8.25'',177.2,PG,84.87,90.30%
537,2016,Kyle Wiltjer,6' 8.75'',242.8,BIG,91.5,60.20%
538,2016,Malachi Richardson,6' 4.75'',199.6,WING,87.77,70.60%
539,2016,Malcolm Brogdon,6' 3.75'',223,WING,90.13,80.30%
540,2016,Malik Newman,6' 2.25'',182.2,WING,76.52,17.00%
541,2016,Marcus Lee,6' 9'',211,BIG,82.1,16.80%
542,2016,Marcus Paige,6' 0.5'',163.8,PG,76.62,49.60%
543,2016,Marquese Chriss,6' 8.75'',233,BIG,97.94,86.30%
544,2016,Melo Trimble,6' 1.25'',191.8,PG,72.78,26.80%
545,2016,Michael Gbinije,6' 5.5'',204.6,WING,90.51,81.70%
546,2016,Nigel Hayes,6' 6.25'',245,COMBO F,84.8,36.50%
547,2016,Pascal Siakam,6' 8.25'',226.6,BIG,91.29,59.20%
548,2016,Patrick McCaw,6' 5.25'',180.8,COMBO G,76.08,31.80%
549,2016,Perry Ellis,6' 7'',217.8,BIG,91.79,61.70%
550,2016,Ron Baker,6' 3.25'',212.4,WING,85.77,60.80%
551,2016,Stephen Zimmerman,6' 10.25'',234,BIG,83.02,19.90%
552,2016,Taurean Prince,6' 6.5'',220.2,WING,96.9,96.00%
553,2016,Thon Maker,6' 11.75'',216,BIG,91.1,58.20%
554,2016,Troy Williams,6' 5.75'',217.8,WING,87.48,69.20%
555,2016,Tyler Ulis,5' 8.75'',149.2,PG,70.11,14.90%
556,2016,Wade Baldwin IV,6' 2.5'',201.8,PG,87.62,95.90%
557,2016,Zhou Qi,7' 1.25'',218.2,BIG,90.62,55.70%
558,2015,Alan Williams,6' 7.25'',261.4,BIG,89.11,47.90%
559,2015,Andrew Harrison,6' 4.5'',213.2,PG,78.6,61.90%
560,2015,Anthony Brown,6' 5.75'',211,WING,80.16,31.90%
561,2015,Bobby Portis,6' 9.5'',246.2,BIG,83.85,23.10%
562,2015,Branden Dawson,6' 5.5'',230.2,BIG,87.91,41.70%
563,2015,Brandon Ashley,6' 7.25'',228,BIG,93.99,72.00%
564,2015,Cameron Payne,6' 0.75'',182.8,PG,76.32,47.70%
565,2015,Chasson Randle,6' 0.25'',178.8,PG,81.74,78.90%
566,2015,Chris Walker,6' 8.75'',208,BIG,85.41,29.70%
567,2015,Corey Hawkins,6' 0.75'',191.8,COMBO G,76.68,34.50%
568,2015,Dakari Johnson,6' 11'',264.6,BIG,81.94,16.30%
569,2015,Delon Wright,6' 4.25'',181.4,PG,75.33,41.50%
570,2015,Devin Booker,6' 4.5'',205.8,WING,78.69,25.30%
571,2015,Dez Wells,6' 3'',208.8,WING,87.9,71.20%
572,2015,J.P. Tokoto,6' 5.25'',195.8,WING,89.46,77.80%
573,2015,Jarell Martin,6' 8'',238.6,BIG,90.35,54.30%
574,2015,Jonathan Holmes,6' 8.25'',242.2,COMBO F,84.09,32.90%
575,2015,Jordan Mickey,6' 7'',238,BIG,100.8,92.90%
576,2015,Justin Anderson,6' 5.25'',230.6,WING,109.92,100.00%
577,2015,Keifer Sykes,5' 10.5'',167.2,PG,78.69,62.50%
578,2015,Kelly Oubre,6' 5.75'',202.8,WING,91.85,86.00%
579,2015,Larry Nance,6' 7.5'',226.6,BIG,87.99,42.10%
580,2015,Marcus Thornton,6' 1.75'',177.4,COMBO G,83.04,66.20%
581,2015,Michael Frazier II,6' 3.75'',199.4,WING,75.85,14.90%
582,2015,Michael Qualls,6' 4'',201.4,WING,90.51,81.70%
583,2015,Norman Powell,6' 3'',215.4,WING,92.24,87.20%
584,2015,Olivier Hanlan,6' 3.25'',185.8,COMBO G,73.93,22.60%
585,2015,Pat Connaughton,6' 4'',215,WING,102.79,99.40%
586,2015,Quinn Cook,6' 0.25'',179,PG,65.77,4.20%
587,2015,R.J. Hunter,6' 4.5'',185,WING,72.73,7.20%
588,2015,Rakeem Christmas,6' 8.25'',242.6,BIG,92.64,65.80%
589,2015,Rashad Vaughn,6' 3.75'',198.6,WING,77.59,20.90%
590,2015,Richaun Holmes,6' 8.25'',242.8,BIG,101.26,93.70%
591,2015,Rondae Hollis-Jefferson,6' 5.5'',210.8,WING,89.48,77.90%
592,2015,Ryan Boatright,5' 10'',169.6,PG,76.17,46.80%
593,2015,Sam Dekker,6' 7.75'',218.6,WING,77.93,22.20%
594,2015,Terran Petteway,6' 4.75'',209.2,WING,74.4,10.80%
595,2015,Terry Rozier,6' 0.5'',190.2,COMBO G,84.77,73.90%
596,2015,TJ McConnell,6' 0.5'',187.8,PG,70.79,17.50%
597,2015,Treveon Graham,6' 4'',219.4,WING,84.68,55.20%
598,2015,Tyler Harvey,6' 2.75'',181.4,WING,69,2.50%
599,2015,Tyus Jones,6' 0.5'',184.6,PG,70.83,17.70%
600,2015,Vince Hunter,6' 6.75'',208.4,BIG,91.84,61.90%
601,2014,Aaron Craft,6' 0.75'',191.6,PG,77.53,55.30%
602,2014,Aaron Gordon,6' 7.5'',220.1,BIG,93.69,70.60%
603,2014,Alec Brown,7' 0.25'',231.2,BIG,84.52,25.80%
604,2014,Alex Kirk,6' 9.25'',252,BIG,94.16,72.80%
605,2014,C.J. Fair,6' 6.5'',218.1,WING,81.08,36.40%
606,2014,C.J. Wilcox,6' 3.5'',201,WING,84.29,53.10%
607,2014,Cameron Bairstow,6' 8.75'',252.4,BIG,100.63,92.60%
608,2014,Cleanthony Early,6' 6'',209.4,WING,93.2,89.60%
609,2014,Cory Jefferson,6' 7.75'',218.4,BIG,94.11,72.50%
610,2014,Dante Exum,6' 4.5'',196.3,WING,83.73,50.20%
611,2014,DeAndre Daniels,6' 7.25'',196,WING,73.83,9.50%
612,2014,Deonte Burton,6' 0'',192.8,PG,77.96,58.00%
613,2014,Devyn Marble,6' 5'',192.4,WING,77.74,21.40%
614,2014,Doug McDermott,6' 6.25'',218,WING,84.32,53.30%
615,2014,Dwight Powell,6' 9.5'',234.4,BIG,89.02,47.40%
616,2014,Elfrid Payton,6' 2.5'',185.4,PG,80.25,71.40%
617,2014,Glenn Robinson III,6' 5.5'',211.4,WING,99.23,98.00%
618,2014,Jabari Brown,6' 3'',201.9,WING,78.54,24.70%
619,2014,James McAdoo,6' 7.5'',227.6,BIG,89.34,49.10%
620,2014,Jarnell Stokes,6' 7'',262.8,BIG,103.97,97.00%
621,2014,Joe Harris,6' 4.75'',215,WING,83.42,48.50%
622,2014,Johnny O?Bryant III,6' 7.25'',256.8,BIG,102.05,94.90%
623,2014,Jordan Adams,6' 3.5'',208.8,WING,73.19,8.10%
624,2014,Jordan Bachynski,7' 1.25'',254.1,BIG,95.94,79.80%
625,2014,Jordan Clarkson,6' 3.25'',186.3,PG,83.35,85.50%
626,2014,Jordan McRae,6' 3.75'',179.4,WING,71.21,4.90%
627,2014,Julius Randle,6' 7.75'',249.7,BIG,94.81,75.50%
628,2014,K.J. McDaniels,6' 4.5'',195.6,WING,86.45,64.30%
629,2014,Khem Birch,6' 7.5'',208.8,BIG,85.68,30.90%
630,2014,Lamar Patterson,6' 4'',226,WING,84.35,53.50%
631,2014,LaQuinton Ross,6' 6.5'',238.7,WING,81.97,40.90%
632,2014,Marcus Smart,6' 2'',227.2,PG,97.21,99.90%
633,2014,Markel Brown,6' 2.5'',184.4,WING,89.23,76.90%
634,2014,Melvin Ejim,6' 5.25'',218.5,WING,86.61,65.00%
635,2014,Nick Johnson,6' 1.5'',198,WING,88.35,73.20%
636,2014,Nik Stauskas,6' 5.25'',206.9,WING,82.09,41.60%
637,2014,Noah Vonleh,6' 8'',247.1,BIG,98.97,89.10%
638,2014,P.J. Hairston,6' 4.25'',228.8,WING,95.45,94.10%
639,2014,Patric Young,6' 8.5'',246.8,BIG,101.29,93.70%
640,2014,Rodney Hood,6' 7.25'',208.2,WING,82.43,43.30%
641,2014,Russ Smith,5' 11.5'',160,PG,68.9,10.90%
642,2014,Semaj Christon,6' 1.5'',186,PG,78.69,62.50%
643,2014,Shabazz Napier,5' 11'',175.2,PG,75.31,41.40%
644,2014,T.J. Warren,6' 7'',220.2,WING,81.6,39.00%
645,2014,Thanasis Antetokounmpo,6' 5.25'',205.2,WING,86.71,65.50%
646,2014,Tyler Ennis,6' 1'',181.5,PG,74.51,36.60%
647,2014,Xavier Thames,6' 2.25'',187,PG,76.11,46.40%
648,2014,Zach LaVine,6' 4.5'',180.9,PG,82.42,81.80%
649,2013,Adonis Thomas,6' 4.75'',231.8,WING,102.22,99.30%
650,2013,Allen Crabbe,6' 5.25'',197.4,WING,82.16,41.90%
651,2013,Andre Roberson,6' 6.25'',205.8,COMBO F,83.8,31.50%
652,2013,Archie Goodwin,6' 3.75'',189,WING,78.64,25.10%
653,2013,Ben McLemore,6' 3.5'',189.2,WING,83.46,48.70%
654,2013,Brandon Davies,6' 8.5'',241.8,BIG,85.15,28.50%
655,2013,Brandon Paul,6' 2.75'',201,WING,89.36,77.40%
656,2013,Carrick Felix,6' 4.75'',202.6,WING,86.87,66.30%
657,2013,CJ Leslie,6' 7.5'',209.2,COMBO F,89.99,64.40%
658,2013,CJ McCollum,6' 2.25'',197,COMBO G,85.05,75.10%
659,2013,Cody Zeller,6' 10.75'',230,BIG,103.78,96.80%
660,2013,Colton Iverson,6' 10.5'',262.8,BIG,92.06,63.00%
661,2013,Dennis Schroder,6' 1'',164.8,PG,71.18,19.20%
662,2013,Deshaun Thomas,6' 5'',219.8,WING,84.77,55.60%
663,2013,Dewayne Dedmon,6' 10'',238.8,BIG,89.11,47.90%
664,2013,Erik Murphy,6' 8.75'',239.8,BIG,81.02,13.50%
665,2013,Glen Rice,6' 4.5'',210.8,WING,91.66,85.50%
666,2013,Grant Jerrett,6' 8.75'',232,BIG,88.37,44.10%
667,2013,Isaiah Canaan,5' 11'',188.4,PG,84.21,88.40%
668,2013,Jackie Carmichael,6' 7.5'',241.2,BIG,94.65,74.80%
669,2013,James Ennis,6' 5.75'',200.8,WING,81.22,37.10%
670,2013,James Southerland,6' 7'',220.6,COMBO F,86.08,43.30%
671,2013,Jeff Withey,6' 10.75'',221.8,BIG,80.81,12.90%
672,2013,Kelly Olynyk,6' 10.75'',234,BIG,79.57,9.80%
673,2013,Kenny Kadji,6' 8.75'',241.6,BIG,104.42,97.40%
674,2013,Kentavious Caldwell-Pope,6' 4.5'',203.6,WING,81.1,36.50%
675,2013,Lorenzo Brown,6' 4'',189.2,PG,74.89,38.80%
676,2013,Mason Plumlee,6' 11.25'',238.2,BIG,94.91,75.90%
677,2013,Michael Carter-Williams,6' 4.75'',184.4,PG,80.01,70.10%
678,2013,Mike Muscala,6' 10.25'',230.2,BIG,86.65,35.50%
679,2013,Myck Kabongo,6' 1.25'',180.4,PG,71.48,20.50%
680,2013,Norvel Pelle,6' 9.5'',207.2,BIG,86.18,33.20%
681,2013,Otto Porter,6' 7.5'',197.6,WING,75.27,13.20%
682,2013,Peyton Siva,5' 11.5'',180.6,PG,82.48,82.10%
683,2013,Phil Pressey,5' 9.5'',177,PG,80.32,71.80%
684,2013,Ray McCallum,6' 0.25'',191.4,PG,80.47,72.60%
685,2013,Reggie Bullock,6' 5.75'',199.8,WING,83.87,50.90%
686,2013,Ricky Ledo,6' 4.75'',197.2,WING,75.27,13.10%
687,2013,Robert Covington,6' 6.25'',208.6,COMBO F,83.53,30.10%
688,2013,Rudy Gobert,7' 0.5'',237.6,BIG,81.6,15.20%
689,2013,Shabazz Muhammad,6' 4.75'',221.8,WING,87.68,70.20%
690,2013,Shane Larkin,5' 10.25'',170.8,PG,80.8,74.30%
691,2013,Solomon Hill,6' 5.5'',226,WING,88.91,75.50%
692,2013,Steven Adams,6' 10.75'',254.5,BIG,94.92,75.90%
693,2013,Tim Hardaway Jr.,6' 4.5'',199.4,WING,84.81,55.80%
694,2013,Tony Mitchell,6' 7.5'',236.4,COMBO F,101.47,97.40%
695,2013,Tony Snell,6' 6'',198.2,WING,81.38,37.90%
696,2013,Trevor Mbakwe,6' 6.75'',235.8,BIG,93.02,67.60%
697,2013,Trey Burke,5' 11.75'',187,PG,77.17,53.10%
698,2013,Vander Blue,6' 3.5'',197.4,WING,77.38,20.10%
699,2013,Victor Oladipo,6' 3.25'',213.2,WING,92.51,87.90%
700,2013,Will Clyburn,6' 5.75'',210.4,WING,80.96,35.80%
701,2012,Andre Drummond,6' 9.75'',278.6,BIG,110.34,99.70%
702,2012,Andrew Nicholson,6' 8.5'',234,BIG,88.86,46.60%
703,2012,Arnett Moultrie,6' 9.5'',232.8,BIG,100.13,91.60%
704,2012,Austin Rivers,6' 3.5'',202.8,COMBO G,87.9,85.10%
705,2012,Bernard James,6' 8.75'',229.8,BIG,91.08,58.10%
706,2012,Bradley Beal,6' 3.25'',201.8,WING,88.65,74.50%
707,2012,Damian Lillard,6' 1.75'',188.8,PG,87.03,95.00%
708,2012,Darius Johnson-Odom,6' 1.5'',212,WING,93.15,89.50%
709,2012,Darius Miller,6' 6'',233.4,WING,99.27,98.10%
710,2012,Doron Lamb,6' 3.25'',199.4,COMBO G,79.83,50.30%
711,2012,Draymond Green,6' 5.75'',235.6,COMBO F,88.24,55.10%
712,2012,Drew Gordon,6' 8'',239,BIG,91.6,60.70%
713,2012,Fab Melo,6' 10.75'',255,BIG,97.58,85.30%
714,2012,Festus Ezeli,6' 9.75'',264.2,BIG,112.22,99.80%
715,2012,Harrison Barnes,6' 7'',227.8,WING,108.67,100.00%
716,2012,Henry Sims,6' 10'',241.2,BIG,86.12,32.90%
717,2012,Hollis Thompson,6' 6.75'',206,WING,80.77,34.90%
718,2012,J'Covan Brown,6' 1'',202.4,PG,74.65,37.40%
719,2012,Jae Crowder,6' 4.75'',241.2,WING,97.1,96.20%
720,2012,JaMychal Green,6' 8'',217.4,BIG,86.17,33.20%
721,2012,Jared Sullinger,6' 7.75'',268.2,BIG,101.67,94.30%
722,2012,Jeff Taylor,6' 6'',212.8,WING,93.46,90.30%
723,2012,Jeremy Lamb,6' 4'',179.2,WING,78.28,23.60%
724,2012,John Jenkins,6' 3.25'',212,WING,86.73,65.60%
725,2012,Jordan Taylor,6' 1'',192.8,PG,85.59,92.10%
726,2012,Kendall Marshall,6' 3.25'',198.4,PG,83.5,86.00%
727,2012,Kevin Jones,6' 6.25'',251.2,BIG,91.49,60.10%
728,2012,Kevin Murphy,6' 5'',194,WING,82.03,41.20%
729,2012,Khris Middleton,6' 6.75'',216.2,WING,82.6,44.20%
730,2012,Kim English,6' 4.5'',192,WING,77.58,20.80%
731,2012,Kyle O'Quinn,6' 8.5'',240.8,BIG,98.06,86.70%
732,2012,Marcus Denmon,6' 2.25'',188.2,WING,84.96,56.60%
733,2012,Marquis Teague,6' 1'',179.8,PG,80.31,71.80%
734,2012,Maurice Harkless,6' 7.25'',206.6,WING,89.07,76.20%
735,2012,Meyers Leonard,6' 11.75'',249.8,BIG,97.22,84.20%
736,2012,Michael Kidd-Gilchrist,6' 5.75'',232.8,WING,96.78,95.90%
737,2012,Mike Scott,6' 7.25'',240.8,BIG,87.29,38.70%
738,2012,Miles Plumlee,6' 10.5'',252.4,BIG,108.2,99.20%
739,2012,Orlando Johnson,6' 3.75'',223.8,WING,93.79,91.00%
740,2012,Perry Jones,6' 10.25'',233.8,COMBO F,99.33,95.10%
741,2012,Quincy Acy,6' 6.5'',223.8,BIG,93.75,70.90%
742,2012,Quincy Miller,6' 8.75'',218.7,WING,88.76,74.90%
743,2012,Robbie Hummel,6' 7.25'',218,WING,81.99,41.00%
744,2012,Scott Machado,6' 1'',205.8,PG,77.6,55.80%
745,2012,Terrence Jones,6' 8.25'',252,COMBO F,96.75,90.30%
746,2012,Terrence Ross,6' 6'',196.6,WING,82.88,45.70%
747,2012,Thomas Robinson,6' 7.75'',244.2,BIG,91.94,62.40%
748,2012,Tony Mitchell,6' 5.25'',216.4,WING,90.32,81.00%
749,2012,Tony Wroten,6' 4.75'',203.2,PG,82.94,83.90%
750,2012,Tu Holloway,5' 10.5'',186.8,PG,74.24,35.00%
751,2012,Tyler Zeller,6' 11.25'',247.4,BIG,96.47,81.70%
752,2012,Tyshawn Taylor,6' 2.75'',177,PG,78.43,61.00%
753,2012,Will Barton,6' 5'',174.4,WING,74.09,10.10%
754,2012,William Buford,6' 4'',214.6,WING,81.12,36.60%
755,2011,Alec Burks,6' 5'',192.6,WING,77.76,21.50%
756,2011,Andrew Goudelock,6' 1.25'',197.6,PG,86.25,93.50%
757,2011,Brandon Knight,6' 1.5'',176.8,PG,73.12,28.70%
758,2011,Chandler Parsons,6' 8.75'',221.2,WING,78.54,24.70%
759,2011,Charles Jenkins,6' 1.5'',216.4,COMBO G,85.96,78.60%
760,2011,Chris Singleton,6' 7.75'',230.2,WING,92.4,87.60%
761,2011,Cory Joseph,6' 2'',186.2,PG,73.18,29.00%
762,2011,Darius Morris,6' 3.25'',190,COMBO G,68.5,7.40%
763,2011,David Lighty,6' 4.75'',216.2,WING,83.71,50.00%
764,2011,Demetri McCamey,6' 1.75'',204,PG,77.15,52.90%
765,2011,Derrick Williams,6' 7.25'',248.4,COMBO F,94.45,83.70%
766,2011,E'Twaun Moore,6' 2.5'',191.4,WING,83.17,47.20%
767,2011,Enes Kanter,6' 9.75'',259.2,BIG,89.84,51.70%
768,2011,Gregory Smith,6' 8'',252.8,BIG,96.99,83.50%
769,2011,Iman Shumpert,6' 4.25'',221.8,COMBO G,103.14,99.90%
770,2011,Isaiah Thomas,5' 8.75'',186,PG,80.62,73.40%
771,2011,JaJuan Johnson,6' 9'',219.8,BIG,95.71,79.00%
772,2011,James Fredette,6' 0.75'',196,PG,76.89,51.30%
773,2011,Jamie Skeen,6' 6.5'',241.6,BIG,85.1,28.30%
774,2011,Jereme Richmond,6' 6'',207.2,WING,78.02,22.60%
775,2011,Jeremy Tyler,6' 9'',262.4,BIG,96,80.10%
776,2011,Jimmy Butler,6' 6'',222.2,WING,93.33,90.00%
777,2011,Jon Diebler,6' 5.25'',196.6,WING,77.04,18.80%
778,2011,Jon Leuer,6' 10'',223.2,BIG,87.94,41.90%
779,2011,Jordan Hamilton,6' 6.75'',228.4,WING,79.33,28.10%
780,2011,Jordan Williams,6' 7.75'',247.2,BIG,84.17,24.40%
781,2011,Josh Selby,6' 1.75'',194.6,COMBO G,79.51,48.60%
782,2011,Justin Harper,6' 8'',228,COMBO F,87.17,49.20%
783,2011,Kawhi Leonard,6' 6'',227.4,WING,80.17,32.00%
784,2011,Keith Benson,6' 10'',217,BIG,90.39,54.60%
785,2011,Kemba Walker,5' 11.5'',184,PG,80.82,74.40%
786,2011,Kenneth Faried,6' 6'',224.6,BIG,90.71,56.20%
787,2011,Klay Thompson,6' 5.75'',205.6,WING,76.5,16.90%
788,2011,Kyle Singler,6' 7.5'',228,WING,74.64,11.40%
789,2011,LaceDarius Dunn,6' 3'',187.8,WING,71.66,5.50%
790,2011,Malcolm Lee,6' 4'',198.2,WING,81.45,38.30%
791,2011,Malcolm Thomas,6' 7.5'',223,BIG,93.52,69.90%
792,2011,Marshon Brooks,6' 4.25'',194.6,WING,88.06,71.90%
793,2011,Michael Dunigan,6' 8.5'',237.6,BIG,92.31,64.20%
794,2011,Nikola Vucevic,6' 10.25'',259.8,BIG,83.45,21.60%
795,2011,Nolan Smith,6' 1.5'',187.6,PG,75.41,42.00%
796,2011,Norris Cole,6' 0.25'',174.4,PG,73.32,29.70%
797,2011,Rick Jackson,6' 8.25'',241.8,BIG,91.16,58.50%
798,2011,Scotty Hopson,6' 5.75'',204.6,WING,88.49,73.80%
799,2011,Shelvin Mack,6' 1'',209,PG,88.99,97.40%
800,2011,Tobias Harris,6' 6.5'',222.8,COMBO F,92.36,75.60%
801,2011,Travis Leslie,6' 3'',205,WING,89.76,79.00%
802,2011,Trey Thompkins,6' 8.5'',239,BIG,87.97,42.10%
803,2011,Tristan Thompson,6' 7.5'',227.4,BIG,90.45,54.90%
804,2011,Tyler Honeycutt,6' 6.75'',186.8,WING,77.93,22.20%
805,2010,Al-Farouq Aminu,6' 7.25'',216,WING,80.43,33.20%
806,2010,Andy Rautins,6' 4.25'',191.6,WING,66.95,1.30%
807,2010,Armon Johnson,6' 2'',195.2,COMBO G,83.54,68.60%
808,2010,Artsiom Parakhouski,6' 10.25'',268.2,BIG,90.82,56.80%
809,2010,Avery Bradley,6' 2'',180.4,COMBO G,78.71,44.60%
810,2010,Charles Garcia,6' 8.25'',231.6,WING,78.96,26.40%
811,2010,Cole Aldrich,6' 9'',236,BIG,76.54,4.60%
812,2010,Craig Brackins,6' 8.5'',229,COMBO F,81.83,22.60%
813,2010,Damion James,6' 6.25'',226.6,WING,87.89,71.10%
814,2010,Daniel Orton,6' 8.75'',269.2,BIG,87.17,38.00%
815,2010,Darington Hobson,6' 5.25'',203.6,WING,81.07,36.40%
816,2010,DeMarcus Cousins,6' 9.5'',291.8,BIG,91.27,59.00%
817,2010,Derrick Caracter,6' 8.25'',280,BIG,92.65,65.80%
818,2010,Derrick Favors,6' 8.75'',245.2,BIG,99.55,90.40%
819,2010,Devin Ebanks,6' 7'',207.8,WING,70.89,4.40%
820,2010,Dominique Jones,6' 3.25'',216,WING,78.31,23.70%
821,2010,Ed Davis,6' 9'',226.6,BIG,92.43,64.80%
822,2010,Ekpe Udoh,6' 8.75'',237.4,BIG,95.77,79.20%
823,2010,Evan Turner,6' 5.75'',213.8,WING,80.97,35.80%
824,2010,Gani Lawal,6' 7.5'',233.4,BIG,85.27,29.10%
825,2010,Gordon Hayward,6' 6.75'',211,WING,86.45,64.20%
826,2010,Greg Monroe,6' 9.75'',246.6,BIG,83.92,23.40%
827,2010,Hassan Whiteside,6' 10.5'',226.6,BIG,83.26,20.80%
828,2010,James Anderson,6' 4.75'',207.6,WING,84.39,53.60%
829,2010,Jarvis Varnado,6' 8.25'',210.2,BIG,83.94,23.40%
830,2010,John Wall,6' 2.75'',195.6,PG,80.71,73.80%
831,2010,Jordan Crawford,6' 3'',198.4,WING,84.52,54.30%
832,2010,Keith Gallon,6' 8.5'',301.8,BIG,93.79,71.10%
833,2010,Lance Stephenson,6' 4.5'',227,WING,83.54,49.10%
834,2010,Larry Sanders,6' 9.25'',222.4,BIG,78.75,8.10%
835,2010,Lazar Hayward,6' 4.5'',225.8,WING,92.18,87.00%
836,2010,Luke Babbitt,6' 7.5'',217.8,COMBO F,86.42,45.10%
837,2010,Luke Harangody,6' 6'',240.2,BIG,79.96,10.70%
838,2010,Mikhail Torrance,6' 4'',208.8,PG,70.18,15.20%
839,2010,Patrick Patterson,6' 8'',239.6,BIG,90.55,55.40%
840,2010,Ryan Richards,6' 10.5'',230.2,BIG,79.74,10.20%
841,2010,Sherron Collins,5' 10.25'',217.2,PG,81.97,79.90%
842,2010,Solomon Alabi,6' 11.5'',237.4,BIG,75.65,3.60%
843,2010,Sylven Landesberg,6' 4.75'',210,WING,80.82,35.10%
844,2010,Terrico White,6' 3.75'',202.6,COMBO G,84.92,74.50%
845,2010,Trevor Booker,6' 6.25'',235.8,BIG,95.42,77.90%
846,2010,Wesley Johnson,6' 6.25'',206.4,WING,88.02,71.70%
847,2010,Willie Warren,6' 2.5'',208.4,COMBO G,70.07,10.60%
848,2010,Xavier Henry,6' 5.25'',210.2,WING,82.06,41.40%
849,2009,A.J. Price,6' 0.5'',192.8,PG,72.13,23.60%
850,2009,Austin Daye,6' 9.75'',191.8,COMBO F,69.79,0.80%
851,2009,Blake Griffin,6' 8.5'',248.4,BIG,101.87,94.60%
852,2009,Byron Mullens,6' 11.75'',258.2,BIG,95.99,80.00%
853,2009,Chase Budinger,6' 6.25'',206.4,WING,82.93,45.90%
854,2009,DaJuan Summers,6' 7.25'',243,WING,94,91.40%
855,2009,Danny Green,6' 5.25'',208,WING,82.39,43.10%
856,2009,Dante Cunningham,6' 7'',227.4,BIG,85.89,31.90%
857,2009,Darren Collison,6' 0.25'',166.2,PG,72.45,25.10%
858,2009,DeJuan Blair,6' 5.25'',276.6,BIG,94.62,74.70%
859,2009,DeMar DeRozan,6' 5.5'',211.2,WING,83.39,48.40%
860,2009,Derrick Brown,6' 7.5'',224.6,COMBO F,90.66,67.70%
861,2009,Dionte Christmas,6' 4.25'',210.8,WING,79.05,26.90%
862,2009,Earl Clark,6' 8.5'',228.4,COMBO F,87.27,49.80%
863,2009,Eric Maynor,6' 2.25'',163.6,PG,68.36,9.40%
864,2009,Gerald Henderson,6' 4'',214.6,WING,89.71,78.70%
865,2009,Jack McClinton,5' 11.75'',185.2,COMBO G,77.54,38.70%
866,2009,James Harden,6' 4'',222,WING,92.14,86.90%
867,2009,James Johnson,6' 7'',257.2,COMBO F,100.89,96.90%
868,2009,Jeff Adrien,6' 5.25'',236.2,BIG,87.24,38.40%
869,2009,Jeff Ayres,6' 8.75'',239.6,BIG,96.55,82.00%
870,2009,Jeff Teague,6' 0.25'',175.2,PG,75.31,41.40%
871,2009,Jerel McNeal,6' 1.5'',190.4,WING,81.92,40.60%
872,2009,Jermaine Taylor,6' 3.5'',207.4,WING,92.62,88.20%
873,2009,Jodie Meeks,6' 3'',211.4,WING,82.4,43.20%
874,2009,Joe Ingles,6' 7.75'',209.2,WING,76.36,16.50%
875,2009,Jonny Flynn,5' 11.25'',195.6,PG,86.65,94.30%
876,2009,Jordan Hill,6' 9.25'',232.4,BIG,94.27,73.20%
877,2009,Josh Heytvelt,6' 10'',246.2,BIG,92.47,65.00%
878,2009,Jrue Holiday,6' 3.25'',199,COMBO G,78.76,44.80%
879,2009,Marcus Thornton,6' 2.75'',194.4,WING,82.25,42.30%
880,2009,Omri Casspi,6' 7.75'',211.2,WING,75.96,15.20%
881,2009,Patty Mills,5' 11.25'',175.4,PG,70.11,14.90%
882,2009,Rodrigue Beaubois,6' 1.25'',182.4,PG,75.75,44.10%
883,2009,Sam Young,6' 5.25'',222.8,WING,83.5,48.90%
884,2009,Stephen Curry,6' 2'',181,COMBO G,75.26,28.10%
885,2009,Taj Gibson,6' 8.5'',214.4,BIG,76.7,4.80%
886,2009,Terrence Williams,6' 5'',213.2,WING,87.2,67.90%
887,2009,Toney Douglas,6' 1'',183.4,PG,73.26,29.40%
888,2009,Ty Lawson,5' 11.25'',196.6,PG,79.08,64.80%
889,2009,Tyler Hansbrough,6' 8.25'',234.2,BIG,86.68,35.60%
890,2009,Tyler Smith,6' 5.25'',212,WING,83.57,49.30%
891,2009,Tyreke Evans,6' 4'',220.6,COMBO G,85.07,75.20%
892,2009,Wayne Ellington,6' 4.25'',202.4,WING,85.83,61.10%
893,2008,Aleks Maric,6' 9.75'',273,BIG,85.31,29.30%
894,2008,Anthony Randolph,6' 9'',197,COMBO F,79.01,12.70%
895,2008,Brian Butch,6' 9.5'',229.6,BIG,77.23,5.50%
896,2008,Brian Roberts,6' 0.25'',173,PG,76.31,47.70%
897,2008,Brook Lopez,6' 11.25'',258,BIG,93.36,69.20%
898,2008,Bryce Taylor,6' 2.75'',210,WING,94.56,92.50%
899,2008,Charles Rhodes,6' 7.25'',244,BIG,87.07,37.50%
900,2008,Chris Daniels,6' 8.25'',256,BIG,89,47.30%
901,2008,D.J. Augustin,5' 10'',171.5,PG,70.76,17.40%
902,2008,Darnell Jackson,6' 7'',240.5,BIG,87.22,38.30%
903,2008,Darrell Arthur,6' 7.5'',216,BIG,83.67,22.40%
904,2008,David Padgett,6' 10.25'',239.5,BIG,79.71,10.10%
905,2008,Davon Jefferson,6' 5.25'',213,WING,79.61,29.40%
906,2008,DeAndre Jordan,6' 9.75'',250,BIG,87.35,38.90%
907,2008,DeMarcus Nelson,6' 1'',198,COMBO G,90.3,91.20%
908,2008,Deron Washington,6' 5.25'',198.5,WING,89.43,77.70%
909,2008,Derrick Rose,6' 1.5'',196,PG,89.64,98.00%
910,2008,DeVon Hardin,6' 9.5'',235,BIG,91.55,60.40%
911,2008,Donte Greene,6' 8.25'',221,COMBO F,82.93,27.30%
912,2008,Drew Neitzel,5' 11.75'',175.5,PG,66.64,5.60%
913,2008,Eric Gordon,6' 2'',222,WING,93.27,89.80%
914,2008,Frank Elegar,6' 7.25'',210,BIG,92.31,64.20%
915,2008,Gary Forbes,6' 4.5'',220.5,WING,82.85,45.50%
916,2008,George Hill,6' 1.25'',181,PG,83.37,85.50%
917,2008,James Gist,6' 7'',220,BIG,89.16,48.20%
918,2008,James Mays,6' 6.75'',227,BIG,89.14,48.10%
919,2008,JaVale McGee,6' 11'',241,BIG,87.35,38.90%
920,2008,Jeremy Pargo,6' 0.5'',208,PG,88.7,97.20%
921,2008,Jerryd Bayless,6' 1.75'',204,COMBO G,85.37,76.30%
922,2008,Jiri Hubalek,6' 9.5'',226,BIG,68.52,0.30%
923,2008,Joe Alexander,6' 7.25'',220,COMBO F,93.66,80.90%
924,2008,Joe Crawford,6' 3'',213,WING,88.17,72.40%
925,2008,Joey Dorsey,6' 6.25'',265,BIG,95.46,78.00%
926,2008,Joseph Jones,6' 7'',240,BIG,83.51,21.80%
927,2008,Josh Duncan,6' 8'',230,BIG,86.56,35.00%
928,2008,Keith Brumbaugh,6' 7.5'',190,COMBO F,71.21,1.30%
929,2008,Kentrell Gransberry,6' 6.75'',290,BIG,93.83,71.30%
930,2008,Kevin Love,6' 7.75'',255,BIG,97.69,85.60%
931,2008,Kyle Hines,6' 3.75'',234,COMBO F,89,59.20%
932,2008,Lester Hudson,5' 11.75'',196,PG,81.83,79.30%
933,2008,Luc Mbah a Moute,6' 5.75'',221,WING,92.83,88.70%
934,2008,Maarty Leunen,6' 7.25'',222,WING,87.64,70.00%
935,2008,Malik Hairston,6' 4.25'',204,WING,84.35,53.40%
936,2008,Marcelus Kemp,6' 3'',221,WING,79.67,29.60%
937,2008,Marcus Dove,6' 6.75'',208,COMBO F,79.26,13.40%
938,2008,Mark Tyndale,6' 2.75'',217,WING,80.78,34.90%
939,2008,Michael Beasley,6' 7'',239,COMBO F,94.03,82.20%
940,2008,Mike Taylor,6' 0.75'',166.2,COMBO G,73.31,20.30%
941,2008,O.J. Mayo,6' 3.25'',200,COMBO G,83.11,66.50%
942,2008,Othello Hunter,6' 6.5'',220,COMBO F,83.8,31.40%
943,2008,Patrick Ewing Jr.,6' 6'',224,COMBO F,100.51,96.50%
944,2008,Quan Prowell,6' 6.75'',225.5,COMBO F,94.31,83.20%
945,2008,Ramel Bradley,6' 1.25'',184,COMBO G,66.99,5.00%
946,2008,Reggie Williams,6' 3.25'',199,WING,84.68,55.20%
947,2008,Richard Hendrix,6' 6.75'',250,BIG,88.57,45.20%
948,2008,Robert Vaden,6' 3.5'',199,WING,73.68,9.20%
949,2008,Ronald Steele,6' 0.25'',183.5,PG,67.76,7.90%
950,2008,Russell Robinson,6' 0.5'',196,PG,71.02,18.50%
951,2008,Russell Westbrook,6' 2.25'',192,PG,79.57,67.70%
952,2008,Sasha Kaun,6' 9'',247,BIG,93.92,71.70%
953,2008,Shan Foster,6' 4'',194.5,WING,80.26,32.40%
954,2008,Shaun Pruitt,6' 8.25'',242.2,BIG,87.73,40.90%
955,2008,Sonny Weems,6' 4'',193,WING,77.95,22.30%
956,2008,Stanley Burrell,6' 1.5'',201,PG,81.33,76.90%
957,2008,Takais Brown,6' 7.25'',252,BIG,95.49,78.10%
958,2008,Trent Plaisted,6' 9.25'',240,BIG,95.47,78.10%
959,2008,Tyrone Brazelton,5' 10'',166,PG,71.58,20.90%
960,2008,Vladimir Golubovic,6' 11.25'',258,BIG,77.85,6.50%
961,2007,Aaron Brooks,5' 10'',161,PG,74.09,34.10%
962,2007,Aaron Gray,7' 0'',271,BIG,95.69,78.90%
963,2007,Acie Law,6' 2'',186,PG,75.79,44.40%
964,2007,Al Horford,6' 8'',246,BIG,98.6,88.10%
965,2007,Al Thornton,6' 5.75'',221,WING,99.54,98.20%
966,2007,Ali Traore,6' 8.75'',249,BIG,84.57,26.00%
967,2007,Antanas Kavaliauskas,6' 9'',237,BIG,82.68,18.70%
968,2007,Anthony Tolliver,6' 7'',242,BIG,91.25,58.90%
969,2007,Avis Wyatt,6' 8.75'',212,BIG,80.3,11.60%
970,2007,Blake Schilb,6' 5'',214,WING,78.86,26.00%
971,2007,Bobby Brown,5' 11'',170,PG,77.12,52.80%
972,2007,Brad Newley,6' 5'',201,WING,81.26,37.30%
973,2007,Brandan Wright,6' 8.75'',200,BIG,82.9,19.50%
974,2007,Brandon Heath,6' 2'',181,PG,79.71,68.50%
975,2007,Caleb Green,6' 6'',238,BIG,90.12,53.20%
976,2007,Carl Landry,6' 7'',248,BIG,100.47,92.30%
977,2007,Cartier Martin,6' 4'',218,WING,81.01,36.00%
978,2007,Chris Richard,6' 7'',252,BIG,89.18,48.30%
979,2007,Coby Karl,6' 3'',204,COMBO G,87.27,83.20%
980,2007,Corey Brewer,6' 6'',185,WING,78.27,23.50%
981,2007,Craig Bradshaw,6' 8'',240,BIG,84.6,26.20%
982,2007,Curtis Sumpter,6' 6'',227,WING,84.63,54.90%
983,2007,Daequan Cook,6' 3'',203,WING,82.94,46.00%
984,2007,Darryl Watkins,6' 8.75'',241,BIG,86.16,33.20%
985,2007,DaShaun Wood,5' 10.75'',167,PG,74.35,35.60%
986,2007,Demetris Nichols,6' 6'',211,WING,82.15,41.80%
987,2007,DJ Strawberry,6' 3.75'',199,WING,78.79,25.70%
988,2007,Dominic James,5' 10'',175,PG,80.55,73.00%
989,2007,Dominic McGuire,6' 7'',220,WING,84.81,55.90%
990,2007,Dustin Salisbery,6' 3'',208,WING,92.81,88.70%
991,2007,Ekene Ibekwe,6' 8'',208,BIG,93.62,70.30%
992,2007,Greg Oden,6' 11'',257,BIG,104.65,97.50%
993,2007,Herbert Hill,6' 7'',232,BIG,92.96,67.30%
994,2007,Ivan Radenovic,6' 9'',226,BIG,74.11,2.30%
995,2007,Jamaal Tatum,5' 11.5'',168,PG,69.67,13.30%
996,2007,James Hughes,6' 9'',209,BIG,86.74,35.90%
997,2007,Jared Dudley,6' 5'',219,WING,83.48,48.80%
998,2007,Jared Jordan,6' 0'',183,PG,66.73,5.70%
999,2007,Jason Smith,6' 10.75'',233,BIG,100.2,91.80%
1000,2007,Javaris Crittenton,6' 3'',194,PG,84.99,90.60%
1001,2007,Jeff Green,6' 7'',228,WING,98.54,97.60%
1002,2007,Jeremy Hunt,6' 2'',198,WING,82.4,43.20%
1003,2007,Jermareo Davidson,6' 9'',230,BIG,84.26,24.70%
1004,2007,Joakim Noah,6' 10'',223,BIG,94.56,74.40%
1005,2007,Josh McRoberts,6' 8'',240,BIG,88.24,43.40%
1006,2007,JR Reynolds,6' 0'',188,PG,73.66,31.60%
1007,2007,Julian Wright,6' 6.5'',211,COMBO F,82.22,24.20%
1008,2007,Kevin Durant,6' 9'',215,COMBO F,77.99,10.00%
1009,2007,Kyle Visser,6' 10'',242,BIG,85.18,28.70%
1010,2007,Major Wingate,6' 8.5'',242,BIG,88.81,46.40%
1011,2007,Mario Boggan,6' 5'',240,BIG,79.89,10.50%
1012,2007,Marko Lekic,6' 9'',267,BIG,86.61,35.30%
1013,2007,Mike Conley,5' 11'',175,PG,83.92,87.40%
1014,2007,Mohamed Abukar,6' 8'',210,WING,86.07,62.40%
1015,2007,Mustafa Shakur,6' 3'',185,PG,74.63,37.20%
1016,2007,Nick Young,6' 5'',206,WING,103.29,99.50%
1017,2007,Quinton Hosley,6' 5'',215,WING,83.39,48.30%
1018,2007,Ramon Sessions,6' 2'',185,PG,76.49,48.80%
1019,2007,Rashad Jones-Jennings,6' 6'',235,BIG,81.02,13.50%
1020,2007,Rashaun Freeman,6' 6'',244,BIG,90.63,55.80%
1021,2007,Renaldas Seibutis,6' 4'',185,WING,66.31,1.00%
1022,2007,Reyshawn Terry,6' 6.75'',222,WING,91.01,83.40%
1023,2007,Rodney Stuckey,6' 3.75'',207,COMBO G,85.23,75.80%
1024,2007,Ron Lewis,6' 2'',194,WING,86.05,62.20%
1025,2007,Russell Carter,6' 3'',221,WING,95.13,93.50%
1026,2007,Ryvon Covile,6' 7'',250,BIG,84.87,27.30%
1027,2007,Sammy Mejia,6' 5'',218,WING,81.01,36.00%
1028,2007,Spencer Hawes,6' 10'',244,BIG,85.73,31.10%
1029,2007,Stephane Lasme,6' 5'',213,BIG,84.99,27.80%
1030,2007,Taurean Green,5' 11'',173,PG,72.04,23.10%
1031,2007,Thaddeus Young,6' 5.75'',210,WING,94.46,92.40%
1032,2007,Trey Johnson,6' 3'',216,WING,79.44,28.60%
1033,2007,Yue Sun,6' 7.75'',212,WING,83.53,49.10%
1034,2007,Zabian Dowdell,6' 1'',191,PG,79.22,65.60%
1035,2006,Adam Morrison,6' 6.5'',198,WING,72.4,6.70%
1036,2006,Allan Ray,6' 1'',204,WING,80.22,32.20%
1037,2006,Antywane Robinson,6' 6.25'',217,COMBO F,85.03,37.70%
1038,2006,Blake Schilb,6' 5.25'',209,COMBO G,81.65,59.50%
1039,2006,Bobby Jones,6' 5.75'',211,WING,82.21,42.20%
1040,2006,Brad Buckman,6' 7.25'',238,BIG,83,19.90%
1041,2006,Brandon Bowman,6' 6.75'',209,WING,86.78,65.90%
1042,2006,Brandon Roy,6' 5.25'',207,WING,92.48,87.80%
1043,2006,Carl Krauser,5' 11.75'',190,PG,71.35,19.90%
1044,2006,Cedric Simmons,6' 8.25'',223,BIG,90.09,53.00%
1045,2006,Chris McCray,6' 3'',187,WING,78.93,26.30%
1046,2006,Chris Quinn,6' 0.5'',175,COMBO G,77.8,40.00%
1047,2006,CJ Watson,6' 0.5'',171,PG,75.6,43.20%
1048,2006,Craig Smith,6' 5.5'',259,BIG,100.17,91.70%
1049,2006,Curtis Stinson,6' 1.75'',208,WING,80.3,32.60%
1050,2006,Curtis Withers,6' 6'',227,COMBO F,101.6,97.50%
1051,2006,Dan Grunfeld,6' 4.75'',216,WING,82.62,44.30%
1052,2006,Daniel Horton,6' 0.5'',198,COMBO G,81.44,58.40%
1053,2006,Danilo Pinnock,6' 2.75'',204,COMBO G,82.29,62.60%
1054,2006,Darius Washington,5' 11.5'',195,PG,78.6,61.90%
1055,2006,David Noel,6' 4.5'',223,WING,99.09,98.00%
1056,2006,Denham Brown,6' 4'',218,WING,83.23,47.50%
1057,2006,Dwayne Mitchell,6' 2'',208,WING,100.15,98.60%
1058,2006,Eric Hicks,6' 4.75'',238,BIG,93.74,70.90%
1059,2006,Eric Williams,6' 7.25'',285,BIG,103.91,96.90%
1060,2006,Frans Steyn,7' 1.25'',280,BIG,102.36,95.30%
1061,2006,Gerry McNamara,5' 11.75'',177,COMBO G,69.63,9.60%
1062,2006,Hilton Armstrong,6' 9.5'',240,BIG,90.62,55.70%
1063,2006,Ian Vouyoukas,6' 8.5'',267,BIG,83.91,23.30%
1064,2006,J.P. Batista,6' 7.5'',265,BIG,91.41,59.70%
1065,2006,James Augustine,6' 8.25'',227,BIG,90.24,53.80%
1066,2006,JJ Redick,6' 4'',190,WING,74.19,10.30%
1067,2006,Joah Tucker,6' 3.75'',224,WING,87.15,67.70%
1068,2006,Jordan Farmar,6' 0.75'',171,PG,79.16,65.30%
1069,2006,Justin Williams,6' 7.25'',211,BIG,77.94,6.60%
1070,2006,Kenny Adeleke,6' 6.5'',250,BIG,93.61,70.30%
1071,2006,Keydren Clark,5' 9'',184,PG,78.95,64.10%
1072,2006,LaMarcus Aldridge,6' 10'',234,BIG,84.25,24.70%
1073,2006,Lou Amundson,6' 7.2'',221,BIG,92.8,66.60%
1074,2006,Marco Killingsworth,6' 5.5'',266,BIG,96.99,83.50%
1075,2006,Marcus Slaughter,6' 7'',220,COMBO F,88.1,54.30%
1076,2006,Marcus Williams,6' 2'',215,PG,74.77,38.10%
1077,2006,Mardy Collins,6' 4.25'',224,COMBO G,92.77,95.20%
1078,2006,Matt Haryasz,6' 9.75'',219,BIG,82.31,17.50%
1079,2006,Maurice Ager,6' 3.25'',203,COMBO G,81.94,60.90%
1080,2006,Michael Southhall,6' 9.5'',241,BIG,98.15,87.00%
1081,2006,Morris Almond,6' 4.75'',214,WING,88.47,73.70%
1082,2006,Mouhamed Sene,6' 11'',237,BIG,89.67,50.80%
1083,2006,Nick George,6' 4'',201,WING,83.34,48.10%
1084,2006,Nik Caner-Medley,6' 6.5'',234,WING,88.98,75.80%
1085,2006,Patrick O'Bryant,6' 11'',249,BIG,88.27,43.60%
1086,2006,Paul Miller,6' 8.5'',251,BIG,95.14,76.80%
1087,2006,Paul Millsap,6' 6.25'',258,BIG,96.01,80.10%
1088,2006,Pops Mensah-Bonsu,6' 7.5'',232,BIG,95.33,77.60%
1089,2006,Randy Foye,6' 2.25'',212,COMBO G,89.96,90.40%
1090,2006,Rashad Anderson,6' 3.25'',224,WING,83.78,50.40%
1091,2006,Renaldo Balkman,6' 5.25'',206,COMBO F,84.85,36.80%
1092,2006,Rodney Carney,6' 4.5'',204,WING,87.31,68.40%
1093,2006,Ronnie Brewer,6' 5.75'',223,COMBO G,100.23,99.60%
1094,2006,Rudy Gay,6' 7'',222,COMBO F,95.46,86.90%
1095,2006,Sean Dockery,6' 0.75'',182,COMBO G,74.65,25.50%
1096,2006,Shawne Williams,6' 7.25'',227,COMBO F,94.65,84.40%
1097,2006,Shelden Williams,6' 7.5'',258,BIG,97.23,84.20%
1098,2006,Solomon Jones,6' 8.5'',224,BIG,93.81,71.20%
1099,2006,Steve Novak,6' 8'',216,WING,75.03,12.50%
1100,2006,Steven Smith,6' 7.5'',238,COMBO F,92.43,76.00%
1101,2006,Taj Gray,6' 7.25'',231,COMBO F,88.02,53.90%
1102,2006,Taquan Dean,6' 2'',183,COMBO G,77.66,39.30%
1103,2006,Tarence Kinsey,6' 4.75'',179,WING,73.73,9.30%
1104,2006,Tedric Hill,6' 7.75'',236,COMBO F,93.1,78.70%
1105,2006,Terence Dials,6' 7.75'',253,BIG,89.45,49.70%
1106,2006,Torin Francis,6' 9'',247,BIG,87.77,41.00%
1107,2006,Tyrus Thomas,6' 7.25'',217,COMBO F,95.87,88.00%
1108,2006,Viktor Keyru,6' 5.25'',202,COMBO G,80.61,54.30%
1109,2006,Will Blalock,5' 11.25'',194,PG,89.93,98.20%
1110,2006,Yemi Nicholson,6' 7.75'',258,BIG,90.73,56.30%
1111,2005,Aaron Miles,6' 0'',174.6,PG,77.68,56.30%
1112,2005,Alan Anderson,6' 4.5'',223.2,WING,81.32,37.60%
1113,2005,Alex Acker,6' 3.75'',183,WING,73.04,7.80%
1114,2005,Andrew Bogut,6' 11'',250.6,BIG,91.27,59.00%
1115,2005,Anthony Roberson,6' 0.75'',178.8,PG,78.22,59.60%
1116,2005,Antoine Wright,6' 5.25'',202.6,WING,75.69,14.40%
1117,2005,Bracey Wright,6' 1.25'',186.8,COMBO G,77.93,40.60%
1118,2005,Brandon Rush,6' 5'',211.4,WING,90.78,82.60%
1119,2005,Carl Krauser,5' 11.5'',193.4,COMBO G,72.3,16.90%
1120,2005,Carlos Powell,6' 5.25'',221.8,COMBO F,83.18,28.50%
1121,2005,Channing Frye,6' 9.5'',243.6,BIG,89.29,48.90%
1122,2005,Charles Hayes,6' 5.5'',232.4,COMBO F,91.97,73.90%
1123,2005,Charlie Villanueva,6' 9'',236.6,COMBO F,83.81,31.50%
1124,2005,Chris Paul,5' 11.75'',178,PG,78.83,63.30%
1125,2005,Chris Taft,6' 8.5'',261,BIG,96.87,83.10%
1126,2005,Chris Thomas,5' 11.75'',176.2,PG,72.1,23.40%
1127,2005,D'Or Fischer,6' 9.25'',242.4,BIG,90.09,53.00%
1128,2005,Danny Granger,6' 7.5'',225.4,WING,91.93,86.30%
1129,2005,Daryl Dorsey,5' 11.25'',160.8,PG,61.95,1.00%
1130,2005,David Lee,6' 7.75'',229.5,BIG,92.16,63.50%
1131,2005,David Simon,6' 8'',258.8,BIG,94.94,76.00%
1132,2005,Deji Akindele,6' 9.5'',236.4,BIG,94.31,73.40%
1133,2005,Deng Gai,6' 7.75'',214,BIG,89.43,49.60%
1134,2005,Deron Williams,6' 1.75'',202.4,PG,82.77,83.30%
1135,2005,Drago Pasalic,6' 9.5'',238.8,COMBO F,82,23.20%
1136,2005,Dwayne Jones,6' 8.5'',242.2,BIG,90.08,53.00%
1137,2005,Eddie Basden,6' 4.25'',210,WING,91.33,84.50%
1138,2005,Eddy Fobbs,6' 10.25'',235.2,BIG,91.6,60.70%
1139,2005,Ellis Myles,6' 6'',255.2,BIG,88.78,46.20%
1140,2005,Ersan Ilyasova,6' 7.75'',208.8,WING,68.03,1.90%
1141,2005,Francisco Garcia,6' 5.75'',189.6,WING,73.95,9.80%
1142,2005,Gerald Green,6' 6'',192,WING,82.41,43.20%
1143,2005,Ike Diogu,6' 6.5'',255.4,BIG,93.95,71.80%
1144,2005,Ivan McFarlin,6' 5.5'',228.6,BIG,82.86,19.40%
1145,2005,Jarrett Jack,6' 2.5'',197.6,PG,73.35,29.90%
1146,2005,Jason Klotz,6' 8.5'',249.4,BIG,75.98,3.90%
1147,2005,Jawad Williams,6' 7'',218,WING,83.19,47.30%
1148,2005,Joey Graham,6' 5.25'',216.6,WING,87.15,67.60%
1149,2005,John Gilchrist,6' 1.25'',195.2,PG,81.52,77.90%
1150,2005,John Lucas III,5' 9.25'',154.4,PG,66.49,5.30%
