player_id,player_name,team,position,height_raw,weight_raw,height_inches,weight_lbs
1630173,Precious Achiuwa,Heat,Forward,6-8,243,80,243.0
203500,Steven Adams,Rockets,Center,6-11,265,83,265.0
1628389,Bam Adebayo,Heat,Center-Forward,6-9,255,81,255.0
1630534,Ochai Agbaji,Raptors,Guard,6-5,215,77,215.0
1630583,Santi Aldama,Grizzlies,Forward-Center,7-0,215,84,215.0
1641725,Trey Alexander,Pelicans,Guard,6-5,185,77,185.0
1629638,Nickeil Alexander-Walker,Hawks,Guard,6-5,205,77,205.0
1628960,Grayson Allen,Suns,Guard,6-3,198,75,198.0
1628386,Jarrett Allen,Cavaliers,Center,6-9,243,81,243.0
1630631,Jose Alvarado,Pelicans,Guard,6-0,179,72,179.0
203937,Kyle Anderson,Jazz,Forward-Guard,6-8,230,80,230.0
203507,Giannis Antetokounmpo,Bucks,Forward,6-11,243,83,243.0
1630175,Cole Anthony,Bucks,Guard,6-2,185,74,185.0
1628384,OG Anunoby,Knicks,Forward-Guard,6-7,240,79,240.0
1642379,Taran Armstrong,Warriors,Guard,6-5,190,77,190.0
1630166,Deni Avdija,Trail Blazers,Forward,6-9,228,81,228.0
1629028,Deandre Ayton,Lakers,Center,7-0,252,84,252.0
1630542,Marcus Bagley,,Forward,6-6,217,78,217.0
1628963,Marvin Bagley III,Wizards,Forward,6-10,235,82,235.0
1631116,Patrick Baldwin Jr.,Clippers,Forward,7-0,220,84,220.0
1630163,LaMelo Ball,Hornets,Guard,6-7,180,79,180.0
1628366,Lonzo Ball,Cavaliers,Guard,6-6,190,78,190.0
1628964,Mo Bamba,Jazz,Center,7-0,231,84,231.0
1631094,Paolo Banchero,Magic,Forward,6-10,250,82,250.0
1630217,Desmond Bane,Magic,Guard,6-5,215,77,215.0
1630625,Dalano Banton,Mavericks,Forward,6-8,203,80,203.0
1631230,Dominick Barlow,76ers,Forward,6-9,215,81,215.0
203084,Harrison Barnes,Spurs,Forward,6-7,225,79,225.0
1630567,Scottie Barnes,Raptors,Forward-Guard,6-8,237,80,237.0
1629628,RJ Barrett,Raptors,Forward-Guard,6-6,214,78,214.0
1629646,Charles Bassey,Hawks,Center-Forward,6-10,230,82,230.0
1641734,Emoni Bates,76ers,Forward,6-9,202,81,202.0
1642419,Jamison Battle,Raptors,Forward,6-7,220,79,220.0
201587,Nicolas Batum,Clippers,Guard-Forward,6-7,230,79,230.0
1641878,Damion Baugh,Suns,Guard,6-4,194,76,194.0
203078,Bradley Beal,Clippers,Guard,6-4,207,76,207.0
1627736,Malik Beasley,Pistons,Guard,6-4,187,76,187.0
1630699,MarJon Beauchamp,Knicks,Forward,6-7,199,79,199.0
1641736,Reece Beekman,Magic,Guard,6-3,190,75,190.0
1629048,Goga Bitadze,Magic,Center-Forward,6-10,250,82,250.0
202687,Bismack Biyombo,Spurs,Center,6-8,255,80,255.0
1641710,Anthony Black,Magic,Guard,6-7,200,79,200.0
203992,Bogdan Bogdanović,Clippers,Guard,6-5,225,77,225.0
1629626,Bol Bol,Suns,Center-Forward,7-3,220,87,220.0
1641737,Adem Bona,76ers,Forward,6-10,235,82,235.0
1626164,Devin Booker,Suns,Guard,6-5,206,77,206.0
1630527,Brandon Boston,Pelicans,Guard,6-6,188,78,188.0
1628449,Chris Boucher,Celtics,Forward,6-9,200,81,200.0
1631123,Jamaree Bouyea,Bucks,Guard,6-2,180,74,180.0
1628396,Tony Bradley,Pacers,Center-Forward,6-10,248,82,248.0
1631103,Malaki Branham,Wizards,Forward,6-4,180,76,180.0
1631128,Christian Braun,Nuggets,Guard,6-6,220,78,220.0
1641779,Jalen Bridges,Celtics,Forward,6-8,225,80,225.0
1628969,Mikal Bridges,Knicks,Guard-Forward,6-6,209,78,209.0
1628970,Miles Bridges,Hornets,Forward,6-7,225,79,225.0
1629052,Oshae Brissett,,Forward-Guard,6-7,210,79,210.0
1627763,Malcolm Brogdon,Knicks,Guard,6-5,229,77,229.0
1628415,Dillon Brooks,Suns,Guard-Forward,6-7,225,79,225.0
1631232,Keion Brooks Jr.,Pelicans,Forward,6-7,210,79,210.0
1628971,Bruce Brown,Nuggets,Guard-Forward,6-4,202,76,202.0
1627759,Jaylen Brown,Celtics,Guard-Forward,6-6,223,78,223.0
1641738,Kobe Brown,Clippers,Forward,6-7,250,79,250.0
1629650,Moses Brown,Nuggets,Center,7-2,258,86,258.0
1628973,Jalen Brunson,Knicks,Guard,6-2,190,74,190.0
1628418,Thomas Bryant,Cavaliers,Center-Forward,6-10,248,82,248.0
1641723,Kobe Bufkin,Nets,Guard,6-4,195,76,195.0
202692,Alec Burks,Heat,Guard,6-5,214,77,214.0
1630215,Jared Butler,Suns,Guard,6-3,193,75,193.0
202710,Jimmy Butler III,Warriors,Forward,6-7,230,79,230.0
1641824,Matas Buzelis,Bulls,Forward,6-10,209,82,209.0
1631288,Jamal Cain,Magic,Forward,6-6,191,78,191.0
203484,Kentavious Caldwell-Pope,Grizzlies,Guard,6-5,204,77,204.0
1641739,Toumani Camara,Trail Blazers,Forward,6-7,230,79,230.0
203991,Clint Capela,Rockets,Center,6-10,256,82,256.0
1642382,Branden Carlson,Thunder,Center,7-0,220,84,220.0
1642267,Bub Carrington,Wizards,Guard,6-4,190,76,190.0
1642269,Devin Carter,Kings,Guard,6-2,195,74,195.0
1628975,Jevon Carter,Bulls,Guard,6-1,200,73,200.0
1628976,Wendell Carter Jr.,Magic,Center-Forward,6-10,270,82,270.0
1630618,D.J. Carton,,Guard,6-3,200,75,200.0
1627936,Alex Caruso,Thunder,Guard,6-5,186,77,186.0
1642264,Stephon Castle,Spurs,Guard,6-6,215,78,215.0
1630658,Colin Castleton,Magic,Center,6-10,250,82,250.0
1630577,Julian Champagnie,Spurs,Forward,6-7,217,79,217.0
1630551,Justin Champagnie,Wizards,Guard-Forward,6-6,206,78,206.0
1642279,Ulrich Chomche,Raptors,Center,6-11,235,83,235.0
1642353,Cam Christie,Clippers,Guard,6-5,190,77,190.0
1631108,Max Christie,Mavericks,Guard,6-5,190,77,190.0
1630528,Josh Christopher,Heat,Guard,6-4,215,76,215.0
1631321,Sidy Cissoko,Trail Blazers,Guard,6-6,220,78,220.0
1641740,Jaylen Clark,Timberwolves,Guard,6-5,205,77,205.0
1629634,Brandon Clarke,Grizzlies,Forward,6-8,215,80,215.0
203903,Jordan Clarkson,Knicks,Guard,6-5,194,77,194.0
1629651,Nic Claxton,Nets,Center,6-11,215,83,215.0
1642270,Donovan Clingan,Trail Blazers,Center,7-2,280,86,280.0
1641730,Noah Clowney,Nets,Forward-Center,6-10,210,82,210.0
1629599,Amir Coffey,Bucks,Guard-Forward,6-7,210,79,210.0
1642268,Isaiah Collier,Jazz,Guard,6-4,210,76,210.0
1628381,John Collins,Clippers,Forward-Center,6-9,226,81,226.0
1641879,Yuri Collins,,Guard,6-0,190,72,190.0
1628380,Zach Collins,Bulls,Forward-Center,6-11,250,83,250.0
201144,Mike Conley,Timberwolves,Guard,6-1,175,73,175.0
1626192,Pat Connaughton,Hornets,Guard,6-5,209,77,209.0
1641731,Bilal Coulibaly,Wizards,Guard,6-7,195,79,195.0
1641741,Ricky Council IV,76ers,Guard,6-6,207,78,207.0
1628470,Torrey Craig,Celtics,Forward,6-5,221,77,221.0
1642384,Isaiah Crawford,Rockets,Forward,6-6,220,78,220.0
203109,Jae Crowder,Kings,Forward,6-6,235,78,235.0
1642385,Cui Yongxi,,Forward,6-5,190,77,190.0
1630595,Cade Cunningham,Pistons,Guard,6-6,220,78,220.0
203552,Seth Curry,Warriors,Guard,6-1,185,73,185.0
201939,Stephen Curry,Warriors,Guard,6-2,185,74,185.0
1642359,Pacôme Dadiet,Knicks,Forward,6-9,210,81,210.0
1630700,Dyson Daniels,Hawks,Guard,6-7,199,79,199.0
1642368,N'Faly Dante,Hawks,Center,6-11,230,83,230.0
203076,Anthony Davis,Mavericks,Forward-Center,6-10,253,82,253.0
1631098,Johnny Davis,,Guard,6-4,195,76,195.0
1629056,Terence Davis,Kings,Guard,6-4,201,76,201.0
1631120,JD Davison,Rockets,Guard,6-1,195,73,195.0
201942,DeMar DeRozan,Kings,Guard-Forward,6-6,220,78,220.0
1642484,RayJ Dennis,Pacers,Guard,6-1,180,73,180.0
1628978,Donte DiVincenzo,Timberwolves,Guard,6-4,203,76,203.0
1631217,Moussa Diabaté,Hornets,Forward,6-9,210,81,210.0
1641711,Gradey Dick,Raptors,Guard-Forward,6-7,200,79,200.0
1631172,Ousmane Dieng,Thunder,Forward,6-9,185,81,185.0
1642265,Rob Dillingham,Timberwolves,Guard,6-2,175,74,175.0
203915,Spencer Dinwiddie,Hornets,Guard,6-5,215,77,215.0
1629029,Luka Dončić,Lakers,Forward-Guard,6-6,230,78,230.0
1629652,Luguentz Dort,Thunder,Guard,6-4,220,76,220.0
1630245,Ayo Dosunmu,Bulls,Guard,6-5,200,77,200.0
1630288,Jeff Dowtin Jr.,76ers,Guard,6-3,177,75,177.0
1628408,PJ Dozier,,Guard-Forward,6-6,205,78,205.0
203083,Andre Drummond,76ers,Center,6-11,279,83,279.0
1630537,Chris Duarte,,Guard,6-5,190,77,190.0
1642505,Alex Ducas,Thunder,Guard,6-7,220,79,220.0
1630561,David Duke Jr.,Suns,Guard,6-4,204,76,204.0
1627739,Kris Dunn,Clippers,Guard,6-3,205,75,205.0
1642346,Ryan Dunn,Suns,Forward,6-7,216,79,216.0
201142,Kevin Durant,Rockets,Forward,6-11,240,83,240.0
1631105,Jalen Duren,Pistons,Center,6-10,250,82,250.0
1631106,Tari Eason,Rockets,Forward,6-8,215,80,215.0
1641744,Zach Edey,Grizzlies,Center,7-4,305,88,305.0
1630162,Anthony Edwards,Timberwolves,Guard,6-4,225,76,225.0
1642399,Jesse Edwards,Timberwolves,Center,7-0,236,84,236.0
1642348,Justin Edwards,76ers,Forward,6-7,203,79,203.0
1630556,Kessler Edwards,Nuggets,Forward,6-7,203,79,203.0
1631165,Keon Ellis,Kings,Guard,6-4,175,76,175.0
203954,Joel Embiid,76ers,Center-Forward,7-0,280,84,280.0
1630623,Tyson Etienne,Nets,Guard,6-0,200,72,200.0
1629234,Drew Eubanks,Kings,Forward-Center,6-10,245,82,245.0
1641787,Tosan Evbuomwan,Knicks,Forward,6-8,217,80,217.0
203957,Danté Exum,Mavericks,Guard,6-5,214,77,214.0
1628981,Bruno Fernando,,Forward-Center,6-9,240,81,240.0
1642271,Kyle Filipowski,Jazz,Center,6-11,250,83,250.0
1627827,Dorian Finney-Smith,Rockets,Forward,6-7,220,79,220.0
1641745,Adam Flagler,Spurs,Guard,6-1,180,73,180.0
1642280,Trentyn Flowers,Clippers,Forward,6-9,185,81,185.0
1630201,Malachi Flynn,,Guard,6-1,185,73,185.0
1631323,Simone Fontecchio,Heat,Forward,6-7,209,79,209.0
1628368,De'Aaron Fox,Spurs,Guard,6-3,185,75,185.0
1642402,Enrique Freeman,Timberwolves,Forward,6-9,220,81,220.0
1628365,Markelle Fultz,Kings,Guard,6-4,209,76,209.0
1642277,Johnny Furphy,Pacers,Guard,6-8,200,80,200.0
1629655,Daniel Gafford,Mavericks,Forward-Center,6-10,265,82,265.0
1629636,Darius Garland,Cavaliers,Guard,6-1,192,73,192.0
1630585,Marcus Garrett,,Guard,6-5,205,77,205.0
1630568,Luka Garza,Celtics,Center,6-10,243,82,243.0
1641718,Keyonte George,Jazz,Guard,6-4,185,76,185.0
1642273,Kyshawn George,Wizards,Forward,6-8,200,80,200.0
202331,Paul George,76ers,Forward,6-8,220,80,220.0
201959,Taj Gibson,Hornets,Forward,6-9,232,81,232.0
1630581,Josh Giddey,Bulls,Guard,6-8,216,80,216.0
1628983,Shai Gilgeous-Alexander,Thunder,Guard,6-6,195,78,195.0
1630264,Anthony Gill,Wizards,Forward,6-7,230,79,230.0
1631221,Collin Gillespie,Suns,Guard,6-1,195,73,195.0
203497,Rudy Gobert,Timberwolves,Center,7-1,258,85,258.0
1630692,Jordan Goodwin,Suns,Guard,6-3,215,75,215.0
203932,Aaron Gordon,Nuggets,Forward,6-8,235,80,235.0
201569,Eric Gordon,76ers,Guard,6-3,215,75,215.0
1641789,Jazian Gortman,,Guard,6-2,184,74,184.0
203924,Jerami Grant,Trail Blazers,Forward,6-7,213,79,213.0
1631260,AJ Green,Bucks,Guard,6-4,190,76,190.0
203110,Draymond Green,Warriors,Forward,6-6,230,78,230.0
1630224,Jalen Green,Suns,Guard,6-4,186,76,186.0
1629750,Javonte Green,Pistons,Guard,6-5,205,77,205.0
201145,Jeff Green,Rockets,Forward,6-8,235,80,235.0
1630182,Josh Green,Hornets,Guard,6-5,200,77,200.0
1629656,Quentin Grimes,76ers,Guard,6-4,210,76,210.0
1631243,Mouhamed Gueye,Hawks,Forward,6-10,210,82,210.0
1629060,Rui Hachimura,Lakers,Forward,6-8,230,80,230.0
1630169,Tyrese Haliburton,Pacers,Guard,6-5,185,77,185.0
1641790,PJ Hall,Grizzlies,Center,6-10,245,82,245.0
203501,Tim Hardaway Jr.,Nuggets,Guard-Forward,6-5,205,77,205.0
201935,James Harden,Clippers,Guard,6-5,220,77,220.0
1630702,Jaden Hardy,Mavericks,Guard,6-3,198,75,198.0
1641989,Elijah Harkless,Jazz,Guard,6-3,195,75,195.0
1631199,Ron Harper Jr.,Celtics,Guard-Forward,6-4,233,76,233.0
203914,Gary Harris,Bucks,Guard,6-4,210,76,210.0
202699,Tobias Harris,Pistons,Forward,6-8,226,80,226.0
1628404,Josh Hart,Knicks,Guard,6-5,215,77,215.0
1628392,Isaiah Hartenstein,Thunder,Center-Forward,7-0,250,84,250.0
1630573,Sam Hauser,Celtics,Forward,6-7,217,79,217.0
1641722,Jordan Hawkins,Pelicans,Guard,6-5,190,77,190.0
1629637,Jaxson Hayes,Lakers,Center-Forward,7-0,220,84,220.0
1630165,Killian Hayes,Cavaliers,Guard,6-5,195,77,195.0
1630703,Scoot Henderson,Trail Blazers,Guard,6-3,207,75,207.0
1641707,Taylor Hendricks,Jazz,Forward,6-9,215,81,215.0
1629639,Tyler Herro,Heat,Guard,6-5,195,77,195.0
1627741,Buddy Hield,Warriors,Guard,6-4,220,76,220.0
1629312,Haywood Highsmith,Nets,Forward,6-5,220,77,220.0
1628988,Aaron Holiday,Rockets,Guard,6-0,185,72,185.0
201950,Jrue Holiday,Trail Blazers,Guard,6-4,220,76,220.0
1641842,Ronald Holland II,Pistons,Forward,6-8,206,80,206.0
1626158,Richaun Holmes,Wizards,Forward,6-9,235,81,235.0
1631096,Chet Holmgren,Thunder,Center-Forward,7-1,208,85,208.0
1641720,Jalen Hood-Schifino,76ers,Guard,6-5,210,77,210.0
201143,Al Horford,Warriors,Center-Forward,6-9,240,81,240.0
1629659,Talen Horton-Tucker,Bulls,Guard,6-4,234,76,234.0
1631216,Caleb Houstan,Hawks,Guard,6-8,205,80,205.0
1641724,Jett Howard,Magic,Guard,6-6,215,78,215.0
1628989,Kevin Huerter,Bulls,Guard-Forward,6-7,198,79,198.0
1630643,Jay Huff,Pacers,Center,7-1,240,85,240.0
1630574,Ariel Hukporti,Knicks,Center,7-0,246,84,246.0
1629631,De'Andre Hunter,Cavaliers,Forward-Guard,6-8,221,80,221.0
1630538,Bones Hyland,Timberwolves,Guard,6-2,169,74,169.0
1642345,Oso Ighodaro,Suns,Forward,6-11,235,83,235.0
204060,Joe Ingles,Timberwolves,Forward-Guard,6-8,220,80,220.0
1627742,Brandon Ingram,Raptors,Forward,6-8,190,80,190.0
1631127,Harrison Ingram,Spurs,Forward,6-5,230,77,230.0
202681,Kyrie Irving,Mavericks,Guard,6-2,195,74,195.0
1628371,Jonathan Isaac,Magic,Forward,6-10,230,82,230.0
1631093,Jaden Ivey,Pistons,Guard,6-3,195,75,195.0
1641713,GG Jackson,Grizzlies,Forward,6-9,210,81,210.0
1630543,Isaiah Jackson,Pacers,Forward,6-8,205,80,205.0
1631245,Quenton Jackson,Pacers,Guard,6-4,173,76,173.0
202704,Reggie Jackson,,Guard,6-2,208,74,208.0
1641748,Andre Jackson Jr.,Bucks,Guard,6-6,209,78,209.0
1628991,Jaren Jackson Jr.,Grizzlies,Forward-Center,6-10,242,82,242.0
1631218,Trayce Jackson-Davis,Warriors,Forward,6-9,245,81,245.0
1642355,Bronny James,Lakers,Guard,6-3,210,75,210.0
2544,LeBron James,Lakers,Forward,6-9,250,81,250.0
1631170,Jaime Jaquez Jr.,Heat,Guard,6-6,225,78,225.0
1629610,DaQuan Jeffries,Hornets,Guard-Forward,6-5,222,77,222.0
1641998,Trey Jemison III,Knicks,Center,6-10,270,82,270.0
1642450,Daniss Jenkins,Pistons,Guard,6-4,165,76,165.0
1629660,Ty Jerome,Grizzlies,Guard-Forward,6-5,195,77,195.0
1630198,Isaiah Joe,Thunder,Guard,6-3,165,75,165.0
1642358,AJ Johnson,Wizards,Guard,6-5,160,77,160.0
1629661,Cameron Johnson,Nuggets,Forward,6-8,210,80,210.0
1630552,Jalen Johnson,Hawks,Forward,6-8,219,80,219.0
201949,James Johnson,Pacers,Forward,6-7,240,79,240.0
1629640,Keldon Johnson,Spurs,Forward-Guard,6-6,220,78,220.0
1630553,Keon Johnson,Nets,Guard,6-5,185,77,185.0
1642352,Keshad Johnson,Heat,Forward,6-6,225,78,225.0
203999,Nikola Jokić,Nuggets,Center,6-11,284,83,284.0
1641732,Colby Jones,Pistons,Guard,6-6,207,78,207.0
1641794,Dillon Jones,Wizards,Forward,6-5,235,77,235.0
1630529,Herbert Jones,Pelicans,Forward,6-7,206,79,206.0
1642403,Isaac Jones,Kings,Forward,6-9,245,81,245.0
1630539,Kai Jones,Mavericks,Center-Forward,6-11,221,83,221.0
1630222,Mason Jones,Kings,Guard,6-4,200,76,200.0
1642461,Spencer Jones,Nuggets,Forward,6-7,225,79,225.0
1630200,Tre Jones,Bulls,Guard,6-1,185,73,185.0
1626145,Tyus Jones,Magic,Guard,6-1,196,73,196.0
1627884,Derrick Jones Jr.,Clippers,Forward,6-6,210,78,210.0
201599,DeAndre Jordan,Nuggets,Center,6-11,265,83,265.0
202709,Cory Joseph,Magic,Guard,6-2,200,74,200.0
1631107,Nikola Jović,Heat,Forward,6-10,205,82,205.0
1630548,Johnny Juzang,Timberwolves,Guard,6-7,226,79,226.0
1642530,Yuki Kawamura,Bulls,Guard,5-8,159,68,159.0
1630283,Kylor Kelley,,Center,7-0,215,84,215.0
1628379,Luke Kennard,Hawks,Guard,6-5,206,77,206.0
1631117,Walker Kessler,Jazz,Center,7-2,245,86,245.0
1630296,Braxton Key,Grizzlies,Forward,6-8,225,80,225.0
1630557,Corey Kispert,Wizards,Forward,6-6,224,78,224.0
1628467,Maxi Kleber,Lakers,Forward,6-10,240,82,240.0
1641752,Bobi Klintman,Pistons,Forward,6-9,225,81,225.0
1642261,Dalton Knecht,Lakers,Forward,6-6,215,78,215.0
1628995,Kevin Knox II,Warriors,Forward,6-8,215,80,215.0
1642278,Tyler Kolek,Knicks,Guard,6-2,195,74,195.0
1631132,Christian Koloko,Lakers,Center,7-0,225,84,225.0
1629723,John Konchar,Grizzlies,Guard,6-5,210,77,210.0
1628436,Luke Kornet,Spurs,Center-Forward,7-1,250,85,250.0
1630249,Vít Krejčí,Hawks,Guard,6-8,195,80,195.0
1630228,Jonathan Kuminga,Warriors,Forward,6-7,225,79,225.0
1628398,Kyle Kuzma,Bucks,Forward,6-9,221,81,221.0
1631222,Jake LaRavia,Lakers,Forward,6-7,235,79,235.0
203897,Zach LaVine,Kings,Guard,6-5,200,77,200.0
1627746,Skal Labissiere,,Forward-Center,6-10,235,82,235.0
1629111,Jock Landale,Grizzlies,Center,6-11,255,83,255.0
1641796,Pelle Larsson,Heat,Guard,6-5,215,77,215.0
1630639,A.J. Lawson,Raptors,Guard,6-6,179,78,179.0
1627747,Caris LeVert,Pistons,Guard,6-7,205,79,205.0
1627814,Damion Lee,Suns,Guard-Forward,6-6,210,78,210.0
203458,Alex Len,Knicks,Center,7-0,250,84,250.0
202695,Kawhi Leonard,Clippers,Forward,6-6,225,78,225.0
1642502,Malevy Leons,Thunder,Forward,6-9,210,81,210.0
1641721,Maxwell Lewis,Nets,Forward,6-7,215,79,215.0
1630604,E.J. Liddell,Nets,Forward,6-6,240,78,240.0
203081,Damian Lillard,Trail Blazers,Guard,6-2,200,74,200.0
1641726,Dereck Lively II,Mavericks,Center,7-1,230,85,230.0
1641753,Chris Livingston,Bucks,Forward,6-6,220,78,220.0
1626172,Kevon Looney,Pelicans,Forward,6-9,222,81,222.0
201572,Brook Lopez,Clippers,Center,7-1,282,85,282.0
201567,Kevin Love,Jazz,Forward-Center,6-10,251,82,251.0
200768,Kyle Lowry,76ers,Guard,6-0,196,72,196.0
1641754,Seth Lundy,Clippers,Guard-Forward,6-4,220,76,220.0
1626168,Trey Lyles,Kings,Forward,6-9,234,81,234.0
1630572,Sandro Mamukelashvili,Raptors,Forward-Center,6-9,240,81,240.0
1629611,Terance Mann,Nets,Guard-Forward,6-6,215,78,215.0
1630544,Tre Mann,Hornets,Guard,6-3,178,75,178.0
1628374,Lauri Markkanen,Jazz,Forward-Center,7-1,240,85,240.0
1630230,Naji Marshall,Mavericks,Forward,6-6,220,78,220.0
1628997,Caleb Martin,Mavericks,Forward,6-5,205,77,205.0
1628998,Cody Martin,Suns,Forward,6-6,205,78,205.0
1641798,Jaylen Martin,Wizards,Guard,6-6,216,78,216.0
1630231,KJ Martin,Jazz,Forward,6-6,215,78,215.0
1631213,Tyrese Martin,Nets,Forward,6-6,215,78,215.0
1629726,Garrison Mathews,Knicks,Guard,6-5,215,77,215.0
1631097,Bennedict Mathurin,Pacers,Guard-Forward,6-5,210,77,210.0
1631255,Karlo Matković,Pelicans,Forward-Center,6-10,231,82,231.0
1630178,Tyrese Maxey,76ers,Guard,6-2,200,74,200.0
1630540,Miles McBride,Knicks,Guard,6-2,195,74,195.0
1642272,Jared McCain,76ers,Guard,6-3,195,75,195.0
1630644,Mac McClung,Magic,Guard,6-2,185,74,185.0
203468,CJ McCollum,Wizards,Guard,6-3,190,75,190.0
204456,T.J. McConnell,Pacers,Guard,6-1,190,73,190.0
1641755,Kevin McCullar Jr.,Knicks,Guard,6-6,210,78,210.0
1630183,Jaden McDaniels,Timberwolves,Forward,6-9,185,81,185.0
1629667,Jalen McDaniels,,Forward,6-9,190,81,190.0
203926,Doug McDermott,Kings,Forward,6-6,225,78,225.0
1631121,Bryce McGowens,Pelicans,Guard,6-6,190,78,190.0
1629162,Jordan McLaughlin,Spurs,Guard,5-11,185,71,185.0
1629098,Jack McVeigh,Rockets,Guard-Forward,6-8,215,80,215.0
1629001,De'Anthony Melton,Warriors,Guard,6-3,200,75,200.0
1630241,Sam Merrill,Cavaliers,Guard,6-4,205,76,205.0
203995,Vasilije Micic,Suns,Guard,6-3,188,75,188.0
203114,Khris Middleton,Wizards,Forward,6-7,222,79,222.0
1641706,Brandon Miller,Hornets,Forward,6-7,200,79,200.0
1641801,Emanuel Miller,Bulls,Forward,6-7,215,79,215.0
1641757,Jordan Miller,Clippers,Guard,6-5,194,77,194.0
1631159,Leonard Miller,Timberwolves,Forward,6-10,220,82,220.0
201988,Patty Mills,Clippers,Guard,6-2,180,74,180.0
1629003,Shake Milton,Lakers,Guard,6-5,205,77,205.0
1631303,Justin Minaya,Trail Blazers,Forward,6-5,205,77,205.0
1642434,Riley Minix,Spurs,Forward,6-7,230,79,230.0
1631169,Josh Minott,Celtics,Forward,6-8,205,80,205.0
1642274,Yves Missi,Pelicans,Center,6-11,235,83,235.0
1642349,Ajay Mitchell,Thunder,Guard,6-5,190,77,190.0
1630558,Davion Mitchell,Heat,Guard,6-0,202,72,202.0
1628378,Donovan Mitchell,Cavaliers,Guard,6-3,215,75,215.0
1630596,Evan Mobley,Cavaliers,Center,6-11,215,83,215.0
1630600,Isaiah Mobley,,Forward,6-8,238,80,238.0
1642367,Jonathan Mogbo,Raptors,Forward,6-9,225,81,225.0
1628370,Malik Monk,Kings,Guard,6-3,200,75,200.0
1630541,Moses Moody,Warriors,Guard,6-5,211,77,211.0
1631386,Tazé Moore,,Guard,6-5,195,77,195.0
1631111,Wendell Moore Jr.,Celtics,Guard,6-5,215,77,215.0
1629630,Ja Morant,Grizzlies,Guard,6-2,174,74,174.0
202693,Markieff Morris,Lakers,Forward,6-9,245,81,245.0
1628420,Monté Morris,Suns,Guard,6-2,183,74,183.0
1630530,Trey Murphy III,Pelicans,Forward,6-8,206,80,206.0
1627749,Dejounte Murray,Pelicans,Guard,6-4,180,76,180.0
1627750,Jamal Murray,Nuggets,Guard,6-4,215,76,215.0
1631099,Keegan Murray,Kings,Forward,6-8,225,80,225.0
1631200,Kris Murray,Trail Blazers,Forward,6-8,218,80,218.0
1629004,Svi Mykhailiuk,Jazz,Guard-Forward,6-7,205,79,205.0
1631250,Pete Nance,Bucks,Forward,6-10,225,82,225.0
1626204,Larry Nance Jr.,Cavaliers,Forward-Center,6-8,245,80,245.0
1629614,Andrew Nembhard,Pacers,Guard-Forward,6-4,191,76,191.0
1630174,Aaron Nesmith,Pacers,Guard-Forward,6-5,215,77,215.0
1641803,Tristen Newton,Timberwolves,Guard,6-5,190,77,190.0
1627777,Georges Niang,Jazz,Forward,6-6,230,78,230.0
1630227,Daishen Nix,,Guard,6-4,238,76,238.0
1630192,Zeke Nnaji,Nuggets,Forward-Center,6-9,240,81,240.0
1641936,Miles Norris,Celtics,Forward,6-7,220,79,220.0
1629669,Jaylen Nowell,,Guard,6-4,201,76,201.0
203994,Jusuf Nurkić,Jazz,Center,6-11,290,83,290.0
1626220,Royce O'Neale,Suns,Forward,6-6,226,78,226.0
1626143,Jahlil Okafor,,Center-Forward,6-10,270,82,270.0
1629643,Chuma Okeke,Cavaliers,Forward,6-7,229,79,229.0
1629006,Josh Okogie,Rockets,Guard,6-4,213,76,213.0
1630168,Onyeka Okongwu,Hawks,Forward-Center,6-10,240,82,240.0
1630171,Isaac Okoro,Bulls,Forward-Guard,6-5,225,77,225.0
1642439,Quincy Olivari,,Guard,6-3,200,75,200.0
203482,Kelly Olynyk,Spurs,Forward-Center,7-0,240,84,240.0
1626162,Kelly Oubre Jr.,76ers,Forward-Guard,6-8,203,80,203.0
101108,Chris Paul,Clippers,Guard,6-0,175,72,175.0
1626166,Cameron Payne,Pacers,Guard,6-3,183,75,183.0
203901,Elfrid Payton,Pelicans,Guard,6-3,195,75,195.0
1627780,Gary Payton II,Warriors,Guard,6-2,195,74,195.0
1641809,Drew Peterson,Hornets,Forward,6-9,205,81,205.0
1641763,Julian Phillips,Bulls,Forward,6-8,198,80,198.0
1629618,Jalen Pickett,Nuggets,Guard,6-2,202,74,202.0
1630590,Scotty Pippen Jr.,Grizzlies,Guard,6-1,170,73,170.0
1631342,Daeqwon Plowden,Kings,Guard-Forward,6-6,216,78,216.0
203486,Mason Plumlee,Hornets,Forward-Center,6-10,254,82,254.0
1641764,Brandin Podziemski,Warriors,Guard,6-4,205,76,205.0
1627751,Jakob Poeltl,Raptors,Center,7-0,253,84,253.0
1629673,Jordan Poole,Pelicans,Guard,6-4,194,76,194.0
1641854,Craig Porter Jr.,Cavaliers,Guard,6-1,180,73,180.0
1629645,Kevin Porter Jr.,Bucks,Guard-Forward,6-4,203,76,203.0
1629008,Michael Porter Jr.,Nets,Forward,6-10,218,82,218.0
1626171,Bobby Portis,Bucks,Forward,6-10,250,82,250.0
204001,Kristaps Porziņģis,Hawks,Forward-Center,7-2,240,86,240.0
1642366,Quinten Post,Warriors,Center,7-0,238,84,238.0
1630695,Micah Potter,Spurs,Center,6-9,248,81,248.0
203939,Dwight Powell,Mavericks,Forward-Center,6-10,240,82,240.0
1626181,Norman Powell,Heat,Guard,6-3,215,75,215.0
1627752,Taurean Prince,Bucks,Forward,6-6,218,78,218.0
1630202,Payton Pritchard,Celtics,Guard,6-1,195,73,195.0
1641765,Olivier-Maxence Prosper,Grizzlies,Forward,6-7,230,79,230.0
1642389,Zyon Pullin,Timberwolves,Guard,6-4,206,76,206.0
1630243,Trevelin Queen,Magic,Guard,6-5,190,77,190.0
1629674,Neemias Queta,Celtics,Center,7-0,248,84,248.0
1630193,Immanuel Quickley,Raptors,Guard,6-2,190,74,190.0
1631311,Lester Quinones,Magic,Guard,6-4,208,76,208.0
203944,Julius Randle,Timberwolves,Forward-Center,6-9,250,81,250.0
1641871,Duop Reath,Trail Blazers,Center,6-9,245,81,245.0
1630559,Austin Reaves,Lakers,Guard,6-5,197,77,197.0
1629629,Cam Reddish,,Forward-Guard,6-7,217,79,217.0
1630194,Paul Reed,Pistons,Forward,6-9,210,81,210.0
1642024,Alex Reese,76ers,Forward-Center,6-9,245,81,245.0
1641810,Antonio Reeves,Hornets,Guard,6-5,205,77,205.0
1629675,Naz Reid,Timberwolves,Center-Forward,6-9,264,81,264.0
1631197,Jared Rhoden,Raptors,Guard,6-5,210,77,210.0
1630208,Nick Richards,Suns,Center,6-11,245,83,245.0
1626196,Josh Richardson,,Guard,6-5,200,77,200.0
1642258,Zaccharie Risacher,Hawks,Forward,6-8,200,80,200.0
1641857,Liam Robbins,,Center,7-0,250,84,250.0
1629130,Duncan Robinson,Pistons,Forward,6-7,215,79,215.0
1629011,Mitchell Robinson,Knicks,Center-Forward,7-0,240,84,240.0
1631115,Orlando Robinson,Magic,Center,6-10,235,82,235.0
1630526,Jeremiah Robinson-Earl,Mavericks,Forward,6-9,240,81,240.0
1631223,David Roddy,Raptors,Forward,6-5,255,77,255.0
1631157,Ryan Rollins,Bucks,Guard,6-3,180,75,180.0
1642050,Jackson Rowe,Warriors,Forward,6-7,210,79,210.0
1626179,Terry Rozier,Heat,Guard,6-1,190,73,190.0
1641712,Rayan Rupert,Trail Blazers,Guard-Forward,6-6,205,78,205.0
1626156,D'Angelo Russell,Mavericks,Guard,6-3,193,75,193.0
1630346,Matt Ryan,Knicks,Forward,6-6,215,78,215.0
1627734,Domantas Sabonis,Kings,Forward-Center,6-10,240,82,240.0
1642275,Tidjane Salaün,Hornets,Forward,6-8,207,80,207.0
1641766,Adama Sanogo,,Forward,6-9,245,81,245.0
1630611,Gui Santos,Warriors,Forward,6-6,185,78,185.0
1642259,Alex Sarr,Wizards,Center,7-0,205,84,205.0
1631204,Marcus Sasser,Pistons,Guard,6-1,195,73,195.0
1631248,Baylor Scheierman,Celtics,Guard,6-6,205,78,205.0
203471,Dennis Schröder,Kings,Guard,6-1,175,73,175.0
1630578,Alperen Sengun,Rockets,Center,6-11,243,83,243.0
1641729,Brice Sensabaugh,Jazz,Forward,6-6,235,78,235.0
1629012,Collin Sexton,Hornets,Guard,6-3,190,75,190.0
1629013,Landry Shamet,Knicks,Guard,6-5,190,77,190.0
1630545,Terrence Shannon Jr.,Timberwolves,Guard-Forward,6-6,215,78,215.0
1630549,Day'Ron Sharpe,Nets,Center,6-10,265,82,265.0
1631101,Shaedon Sharpe,Trail Blazers,Guard,6-5,210,77,210.0
1642347,Jamal Shead,Raptors,Guard,6-1,200,73,200.0
1641767,Ben Sheppard,Pacers,Guard,6-6,190,78,190.0
1642263,Reed Sheppard,Rockets,Guard,6-2,185,74,185.0
1627783,Pascal Siakam,Pacers,Forward,6-8,245,80,245.0
1627732,Ben Simmons,Clippers,Guard-Forward,6-10,240,82,240.0
1629014,Anfernee Simons,Celtics,Guard,6-3,200,75,200.0
1642354,KJ Simpson,Hornets,Guard,6-0,189,72,189.0
1631301,Jaylen Sims,,Guard,6-6,210,78,210.0
1630579,Jericho Sims,Bucks,Center,6-10,250,82,250.0
203935,Marcus Smart,Lakers,Guard,6-3,220,75,220.0
1630696,Dru Smith,Heat,Guard,6-2,203,74,203.0
1630188,Jalen Smith,Bulls,Forward-Center,6-9,215,81,215.0
1642449,Tolu Smith,Pistons,Forward,6-11,,83,
1641890,Tyler Smith,Bucks,Forward,6-9,224,81,224.0
1631095,Jabari Smith Jr.,Rockets,Forward,6-10,220,82,220.0
1641733,Nick Smith Jr.,Lakers,Guard,6-2,185,74,185.0
1631110,Jeremy Sochan,Spurs,Forward,6-8,230,80,230.0
1642285,Cam Spencer,Grizzlies,Guard,6-4,205,76,205.0
1630311,Pat Spencer,Warriors,Guard,6-3,205,75,205.0
1630531,Jaden Springer,Pelicans,Guard,6-4,202,76,202.0
1641815,Isaiah Stevens,Kings,Guard,6-0,185,72,185.0
1630205,Lamar Stevens,Grizzlies,Forward,6-7,230,79,230.0
1630191,Isaiah Stewart,Pistons,Forward-Center,6-8,250,80,250.0
1631124,Julian Strawther,Nuggets,Guard,6-6,205,78,205.0
1629622,Max Strus,Cavaliers,Guard-Forward,6-5,215,77,215.0
1630591,Jalen Suggs,Magic,Guard,6-5,205,77,205.0
1631306,Cole Swider,,Forward,6-8,220,80,220.0
1630256,Jae'Sean Tate,Rockets,Forward,6-4,230,76,230.0
1628369,Jayson Tatum,Celtics,Forward-Guard,6-8,210,80,210.0
1630678,Terry Taylor,,Forward,6-4,230,76,230.0
202066,Garrett Temple,Raptors,Guard-Forward,6-5,195,77,195.0
1631207,Dalen Terry,Bulls,Forward,6-7,195,79,195.0
1628464,Daniel Theis,,Forward-Center,6-8,245,80,245.0
1630560,Cam Thomas,Nets,Guard,6-3,210,75,210.0
1641708,Amen Thompson,Rockets,Guard-Forward,6-7,200,79,200.0
1641709,Ausar Thompson,Pistons,Guard-Forward,6-7,205,79,205.0
202691,Klay Thompson,Mavericks,Guard,6-5,220,77,220.0
202684,Tristan Thompson,Cavaliers,Center-Forward,6-9,254,81,254.0
1630550,JT Thor,Wizards,Forward,6-9,203,81,203.0
1629680,Matisse Thybulle,Trail Blazers,Guard-Forward,6-5,202,77,202.0
1630214,Xavier Tillman,Celtics,Forward,6-7,245,79,245.0
1631166,Drew Timme,Nets,Forward,6-10,235,82,235.0
1641772,Nae'Qwan Tomlin,Cavaliers,Forward,6-10,210,82,210.0
1631210,Jacob Toppin,Hawks,Forward,6-8,200,80,200.0
1630167,Obi Toppin,Pacers,Forward,6-9,220,81,220.0
1626157,Karl-Anthony Towns,Knicks,Center-Forward,7-0,248,84,248.0
1642422,Armel Traoré,,Forward,6-9,245,81,245.0
1631247,Luke Travers,Cavaliers,Forward,6-7,207,79,207.0
1629018,Gary Trent Jr.,Bucks,Guard,6-5,204,77,204.0
1631131,Oscar Tshiebwe,Jazz,Forward-Center,6-8,255,80,255.0
200782,P.J. Tucker,Knicks,Forward,6-5,245,77,245.0
1626167,Myles Turner,Bucks,Center-Forward,6-11,250,83,250.0
1641816,Hunter Tyson,Nuggets,Forward,6-8,215,80,215.0
1642281,Jaylon Tyson,Cavaliers,Guard-Forward,6-6,215,78,215.0
1630649,Stanley Umude,Spurs,Guard,6-6,210,78,210.0
202685,Jonas Valančiūnas,Nuggets,Center,6-11,265,83,265.0
1627832,Fred VanVleet,Rockets,Guard,6-0,197,72,197.0
1629020,Jarred Vanderbilt,Lakers,Forward,6-8,214,80,214.0
1630170,Devin Vassell,Spurs,Guard-Forward,6-5,200,77,200.0
1629216,Gabe Vincent,Lakers,Guard,6-2,200,74,200.0
1641774,Tristan Vukcevic,Wizards,Forward,7-0,220,84,220.0
202696,Nikola Vučević,Bulls,Center,6-10,260,82,260.0
1629731,Dean Wade,Cavaliers,Forward-Center,6-9,228,81,228.0
1630532,Franz Wagner,Magic,Forward,6-10,220,82,220.0
1629021,Moritz Wagner,Magic,Forward-Center,6-11,245,83,245.0
1631133,Jabari Walker,76ers,Forward,6-7,237,79,237.0
1641716,Jarace Walker,Pacers,Forward,6-7,235,79,235.0
1629022,Lonnie Walker IV,76ers,Guard-Forward,6-4,204,76,204.0
1641717,Cason Wallace,Thunder,Guard,6-3,195,75,195.0
1630811,Keaton Wallace,Hawks,Guard,6-3,185,75,185.0
1641775,Jordan Walsh,Celtics,Guard,6-6,205,78,205.0
1642266,Ja'Kobe Walter,Raptors,Guard,6-4,180,76,180.0
1642276,Kel'el Ware,Heat,Center,7-0,230,84,230.0
1629023,P.J. Washington,Mavericks,Forward,6-7,230,79,230.0
1631102,TyTy Washington Jr.,Clippers,Guard,6-3,195,75,195.0
1630322,Lindy Waters III,Spurs,Forward,6-5,210,77,210.0
1630570,Trendon Watford,76ers,Guard-Forward,6-8,237,80,237.0
1641817,Anton Watson,Lakers,Forward,6-8,225,80,225.0
1631212,Peyton Watson,Nuggets,Guard,6-7,200,79,200.0
1642377,Jaylen Wells,Grizzlies,Forward,6-8,,80,
1641705,Victor Wembanyama,Spurs,Forward-Center,7-5,235,89,235.0
1631104,Blake Wesley,Trail Blazers,Guard,6-3,190,75,190.0
201566,Russell Westbrook,Nuggets,Guard,6-4,200,76,200.0
1630762,Phillip Wheeler,,Forward,6-8,185,80,185.0
1629632,Coby White,Bulls,Guard,6-5,195,77,195.0
1628401,Derrick White,Celtics,Guard,6-4,190,76,190.0
1641727,Dariq Whitehead,Nets,Guard-Forward,6-6,220,78,220.0
1641715,Cam Whitmore,Wizards,Forward,6-6,230,78,230.0
1630598,Aaron Wiggins,Thunder,Guard,6-5,190,77,190.0
203952,Andrew Wiggins,Heat,Forward,6-6,197,78,197.0
1631214,Alondes Williams,Wizards,Guard,6-4,210,76,210.0
1630314,Brandon Williams,Mavericks,Guard,6-1,190,73,190.0
1642262,Cody Williams,Jazz,Forward,6-8,190,80,190.0
1629684,Grant Williams,Hornets,Forward,6-6,236,78,236.0
1631114,Jalen Williams,Thunder,Guard-Forward,6-5,211,77,211.0
1631119,Jaylin Williams,Thunder,Forward,6-9,240,81,240.0
1629026,Kenrich Williams,Thunder,Guard-Forward,6-6,210,78,210.0
1631109,Mark Williams,Suns,Center,7-1,240,85,240.0
1631466,Nate Williams,Lakers,Guard,6-5,205,77,205.0
1630172,Patrick Williams,Bulls,Forward,6-7,215,79,215.0
1630533,Ziaire Williams,Nets,Forward,6-9,185,81,185.0
1629057,Robert Williams III,Trail Blazers,Center-Forward,6-9,249,81,249.0
1631246,Vince Williams Jr.,Grizzlies,Guard,6-4,205,76,205.0
1629627,Zion Williamson,Pelicans,Forward,6-6,284,78,284.0
1630592,Jalen Wilson,Nets,Forward,6-6,220,78,220.0
1630164,James Wiseman,Pacers,Center,6-11,240,83,240.0
1631209,Isaiah Wong,,Guard,6-3,185,75,185.0
1626153,Delon Wright,Knicks,Guard,6-5,185,77,185.0
1627824,Guerschon Yabusele,Knicks,Forward,6-7,265,79,265.0
1642443,Jahmir Young,Heat,Guard,6-0,185,72,185.0
1629027,Trae Young,Hawks,Guard,6-1,164,73,164.0
1627826,Ivica Zubac,Clippers,Center,7-0,240,84,240.0
1641783,Tristan da Silva,Magic,Forward,6-8,217,80,217.0
1628427,Vlatko Čančar,Nuggets,Forward,6-8,236,80,236.0
203967,Dario Šarić,Kings,Forward-Center,6-10,225,82,225.0
